aadhaar_number,aadhaar_verified,first_name,middle_name,last_name,email,mobile,alternate_mobile,date_of_birth,gender,address_line_1,city,state,country,postal_code,is_active
527917246953,0,Max,Vaishnavi,Sarin,sethlogan@example.net,6108753895,8509396140,1996-07-25,1,"H.No. 71, Mukherjee Marg",Tinsukia,Madhya Pradesh,India,107431,1
599869406435,0,Chakrika,Rachita,Sani,qkhalsa@example.com,6833887193,5458570336,1966-06-28,2,"59
Gopal Marg",Delhi,Mizoram,India,641791,1
292316356383,0,Eesha,Anirudh,Parekh,chandranbansal@example.com,0740551285,2393207382,1983-05-24,2,"82/20, Rau Path",Burhanpur,Telangana,India,569135,1
800321288467,1,Yashvi,Robert,Suri,wazir99@example.net,8140874344,3916460842,1992-02-15,2,"87/796, Baral Path",Ichalkaranji,Karnataka,India,151033,1
527919008013,1,Banjeet,Qasim,Kant,sherekamya@example.org,6480274561,0299052587,1995-11-08,1,"20/672
Balasubramanian Nagar",Bhalswa Jahangir Pur,Kerala,India,334749,1
317539592655,0,Jagdish,Chaitaly,Tak,maharajbhavani@example.net,8167993926,8933121210,1980-08-01,1,"05, Modi Circle",Faridabad,Telangana,India,028510,1
627055823075,0,Anvi,Siya,Dass,vincentchaudhary@example.com,8309638271,9418255261,2006-01-31,2,"57/33, Naik Street",Dharmavaram,Tripura,India,486085,1
354993695943,1,Anamika,Unni,Ratta,keya34@example.com,3665548080,2714383226,1967-10-27,2,"416
Choudhary Street",Naihati,Kerala,India,389068,1
929109778111,0,Arin,Girindra,Mahajan,mohammedsandhu@example.net,8395245861,2816643689,1990-07-24,1,"394, Kohli Circle",Thanjavur,Tripura,India,545289,1
636805669658,0,Ekalinga,Chanakya,Sangha,dhruvbehl@example.com,3888394817,7831047389,2005-07-27,1,"39/02
Sankaran Ganj",Bathinda,Punjab,India,351272,1
127779761798,1,Waida,Tanveer,Raman,adevi@example.com,0496739240,7839868406,1996-05-20,2,"52
Chada Street",Gwalior,Sikkim,India,232471,1
250695171834,1,Ayaan,Urmi,Ratta,meghadas@example.org,1812355403,2314967275,1997-09-24,1,"76
Mukherjee Road",Pondicherry,Sikkim,India,880687,1
159112167570,1,Ekaraj,Zaid,Sekhon,bdar@example.net,8159962718,4048982592,1971-05-22,1,"118, Rau Nagar",Mango,Jharkhand,India,147075,1
452364012681,0,Joshua,Ekiya,Sandal,rgopal@example.org,4539938260,2394719156,2005-11-10,1,"01, Chad Path",Bhusawal,Jharkhand,India,806214,1
740832351537,0,Yadavi,Yash,Rege,wahab46@example.net,7351038663,3123989184,1967-07-12,2,"H.No. 780
Sandal Circle",Bhubaneswar,Arunachal Pradesh,India,213879,1
825941550016,0,Andrew,Ekapad,Sama,advik21@example.org,5408176836,7695876977,2000-10-17,1,"H.No. 38
Bava Street",Gulbarga,Assam,India,058337,1
832432180481,0,Urishilla,Yamini,Mistry,bhandariwahab@example.org,9577421541,3758183203,1979-11-02,2,"H.No. 69, Varkey",Kozhikode,Tamil Nadu,India,508623,1
331092373535,0,Tamanna,Lohit,Mohanty,raikrish@example.org,5338904015,6647053655,1987-01-10,2,"H.No. 63
Patil Street",Moradabad,Arunachal Pradesh,India,525769,1
253961270854,0,Urmi,Ridhi,Sengupta,halderqadim@example.com,6876156817,4109578526,1999-06-30,2,"15/922, Shan Ganj",Ambala,Odisha,India,740134,1
724270140919,1,Chanakya,Hema,Shankar,yachana20@example.net,0102297812,4940270562,1986-03-17,1,"97/014, Mitter",Guntur,Rajasthan,India,441791,1
946752248891,0,Ria,Benjamin,Kurian,david27@example.org,1765091419,5892758875,1966-07-24,2,"H.No. 374
Khanna Road",Ambala,Arunachal Pradesh,India,078445,1
704714417828,1,Harshil,Charita,Saini,omya69@example.org,9285052459,2193243449,1962-01-09,1,"49/375
Datta Nagar",Nagaon,Meghalaya,India,950696,1
200929727465,1,Ishanvi,Ijaya,Sahni,isha55@example.net,8606389349,5104598051,2008-06-08,2,"86
Dara Path",Ghaziabad,Chhattisgarh,India,839533,1
589014163928,0,Om,Balendra,Sharaf,varkeynimrat@example.org,1700172687,2283089623,1978-01-14,1,"29/54, Sami Street",Farrukhabad,Meghalaya,India,711423,1
347880924055,1,Kavya,Devansh,Bhavsar,nitara30@example.net,1033697404,1524589140,1985-11-03,2,"H.No. 89
Dyal Path",Kolhapur,Punjab,India,310882,1
289954221993,1,Qadim,Bachittar,Sandhu,nathan98@example.org,6459164258,9775537979,1981-01-23,1,"H.No. 943, Sidhu Ganj",Chittoor,Mizoram,India,520144,1
309518430419,1,Max,Hardik,Bumb,gopal82@example.org,7263071087,8955839494,1980-05-11,1,"38
Gokhale Road",Chennai,Jharkhand,India,087444,1
350087751910,0,Ekalinga,Frederick,Dass,matthew67@example.net,5898919852,4065253717,2006-04-05,1,"823, Kuruvilla Marg",Loni,Tripura,India,488064,1
424595466116,0,Darika,Manan,Deshpande,arin11@example.com,5849361162,1620270396,2002-09-05,2,"09/02
Chaudhary Chowk",Gangtok,Assam,India,084270,1
289967099791,0,Panini,Adya,Yadav,jagvisundaram@example.com,0690840238,7661118574,1977-07-02,2,"23/105
Bhargava Path",Durg,Mizoram,India,356878,1
105330913498,1,Abeer,Chaitaly,Sharaf,tanmayi75@example.net,2190121251,6535712023,1966-09-15,1,"46/303
Sandhu Circle",Narasaraopet,Uttar Pradesh,India,304968,1
580912208368,0,Chanchal,Anmol,Doshi,qgandhi@example.org,7970645213,5809641420,2002-12-29,2,"39/79
Bhatnagar",Akola,Tamil Nadu,India,773650,1
429588600784,0,Maya,Wriddhish,Naidu,madanjagat@example.org,8357789491,0089712970,1993-07-18,2,"H.No. 80, Garg Zila",Ghaziabad,Sikkim,India,875657,1
314758419999,0,Triveni,Gautami,Sarraf,sanionveer@example.org,2939807186,6047390145,1964-12-04,2,"24/98, Saini Ganj",Vijayawada,Meghalaya,India,818879,1
307089797351,1,Harinakshi,Yochana,Khare,zverma@example.com,3000774644,7750265413,1965-09-09,2,"H.No. 250, Gola Nagar",Ramagundam,Karnataka,India,341450,1
382988990938,1,Radhika,Tarak,Sahota,kai33@example.com,5925043966,5797829618,1981-11-16,2,"620
Bansal Circle",North Dumdum,Uttar Pradesh,India,328120,1
626069040706,1,Bhavani,Tripti,Ramanathan,ysalvi@example.org,9822931430,2012544384,1962-02-11,2,"H.No. 15
Patla",Anand,Haryana,India,826929,1
719460998474,1,Riya,Kashvi,Dugar,aarini17@example.com,4551157528,1953107517,1971-02-19,2,"782
Chauhan Street",Eluru,Manipur,India,917022,1
864603403601,0,Bhavika,Ojasvi,Deo,sethiyasti@example.org,0129488264,1780253181,1971-06-02,2,"H.No. 66, Bahl Circle",Tirunelveli,Maharashtra,India,276940,1
731554064761,1,Chaitanya,Vamakshi,Garg,asahni@example.net,5336439185,6216351503,1978-12-21,1,"H.No. 29, Varughese Chowk",Ramgarh,Manipur,India,210367,1
453264124998,0,Aditya,Pushti,Sankaran,yashicaborde@example.org,2325217732,2320369214,2008-05-10,1,"H.No. 802
Natt Nagar",Gulbarga,Punjab,India,374649,1
666753244571,1,Liam,Hitesh,Seshadri,zdoshi@example.com,8038417060,6557574040,1988-12-11,1,"89, Gopal Street",Delhi,Chhattisgarh,India,029510,1
441922194949,1,Jalsa,Harini,Ratta,ishaniseth@example.org,1038923151,0662487610,1964-12-22,2,"64
Buch Chowk",Bhusawal,Maharashtra,India,897057,1
977818646357,0,Yochana,Akshay,Bal,cshankar@example.net,0202765360,1046805671,2006-04-09,2,"H.No. 547
Bhatt Road",Alappuzha,Gujarat,India,256398,1
272969966526,1,Gabriel,Nathaniel,Sarkar,gauri30@example.com,5836563194,2775617813,1975-11-01,1,"74, Lanka Zila",Sagar,Uttar Pradesh,India,891923,1
863740631897,1,Ishita,Kalpit,Swamy,bhavaniahuja@example.org,8290754179,9187790891,1984-12-27,2,"87/76, Pal Street",Sambhal,Haryana,India,218122,1
929990956202,1,Shivani,Yamini,Mitra,mohammedsunder@example.net,1134610074,6178219478,1983-08-07,2,"H.No. 12, Master Path",Raiganj,Uttar Pradesh,India,620809,1
830463264050,1,Yashvi,Wakeeta,Banik,qdass@example.org,0263992007,1887880966,2001-04-01,2,"H.No. 57
Bhargava Path",Guntakal,Meghalaya,India,065970,1
380516816077,0,Pavani,Bina,Kaur,ykibe@example.org,3130280286,3733190209,1986-10-31,2,"55, Hayer Road",Dewas,Uttar Pradesh,India,024691,1
119616337186,1,Om,Gautami,Rajagopal,cmahal@example.net,2448317557,9700312907,1977-08-20,1,"550
Rana Ganj",Madhyamgram,Haryana,India,990532,1
341854766280,1,Thomas,Vansha,Gupta,akonda@example.org,9825232317,3952437123,1970-01-01,1,"50/03
Wason Nagar",Bidar,Meghalaya,India,180195,1
592122798875,0,Kavya,Ikshita,Narayanan,cyadav@example.com,1439098663,9327556198,2005-11-30,2,"H.No. 97, Lad Zila",Muzaffarpur,Manipur,India,663832,1
701971954168,1,Bhavya,Aryan,Dugar,acheema@example.com,1748072822,5442893679,1965-09-22,2,"H.No. 63, Tak Zila",Firozabad,Maharashtra,India,721224,1
975353521850,0,Chasmum,Yatin,Edwin,ysami@example.net,2090390424,2993897848,1993-06-24,2,"H.No. 37, Gola Nagar",Guntur,Meghalaya,India,355401,1
801197194714,1,Yamini,Anjali,Gill,qabildoshi@example.net,2961626725,9512737614,2001-07-22,2,"05/691
Parikh Ganj",Durg,Goa,India,052995,1
887188877375,1,Daniel,Pranit,Nair,geetikabhatia@example.net,0663221140,6830384781,2008-03-12,1,"H.No. 02, Chauhan",Agra,Madhya Pradesh,India,732616,1
140467547532,0,Dominic,Sai,Sridhar,agoel@example.net,5517407462,2119179634,2000-04-06,1,"H.No. 950
Halder Ganj",Lucknow,Manipur,India,643995,1
391181169358,1,Isaiah,Yuvraj,Pandya,warhidutt@example.com,1574449631,8811699400,1968-07-26,1,"H.No. 830, Hegde Path",Katni,West Bengal,India,621624,1
826448030160,1,Anvi,Aradhana,Chand,ishwarmander@example.net,6736775599,9895763268,1965-08-28,2,"42, Naik",Kochi,Himachal Pradesh,India,947628,1
934866359215,0,Pranav,Quincy,Atwal,samapavani@example.org,9499377113,7436738047,1992-08-14,1,"H.No. 36
Krishna Path",Rajkot,Madhya Pradesh,India,273177,1
207955352959,0,Pratyush,Omaja,Pathak,balanaradhana@example.net,3572000651,0130124130,1974-02-03,1,"H.No. 39
Goyal Road",Bhilai,Madhya Pradesh,India,378776,1
418911061789,0,Qushi,Zinal,Sampath,taraborah@example.net,2849855947,4327161333,2002-10-29,2,"H.No. 137, Biswas Zila",Jammu,Mizoram,India,153683,1
198190101920,0,Janya,Charles,Raghavan,venkataramanfaqid@example.org,7549438718,3913426804,1989-11-02,2,"H.No. 076, Salvi",Begusarai,Andhra Pradesh,India,856923,1
923224499887,1,Ridhi,Meghana,Rastogi,veda12@example.net,1923683177,8096754872,1970-11-13,2,"64/148, Bora",Mirzapur,Arunachal Pradesh,India,276531,1
895649697249,0,Chaman,Irya,Chokshi,fpillay@example.org,8924718743,3022162227,1982-02-12,2,"H.No. 469, Sankaran Road",Khandwa,West Bengal,India,298401,1
647260220184,1,Rajeshri,Rajeshri,Dani,chamanpadmanabhan@example.org,8808362325,4879070769,1975-08-21,2,"96/075
Balakrishnan Circle",Kottayam,Tripura,India,155524,1
260950749464,0,Upma,Balvan,Walia,skhosla@example.com,0498957109,7809899688,1981-02-10,2,"06/174
Sangha Path",Madhyamgram,Telangana,India,687035,1
271630830435,1,Bhavini,Yug,Shankar,yash27@example.org,8536323814,3506484638,1986-08-03,2,"141
Garde Road",Gudivada,Bihar,India,306985,1
587919815134,1,Andrew,Pooja,Bir,brinda30@example.com,6375783788,5077704640,1974-11-27,1,"H.No. 507
Basu Nagar",Sangli-Miraj & Kupwad,Nagaland,India,417650,1
637877600071,1,Gayathri,Pahal,Sur,csingh@example.com,6366588647,0005288290,2005-06-23,2,"50/686
Chadha Circle",Rajahmundry,Jharkhand,India,476326,1
314607645429,0,Balvan,Chaitanya,Narula,nkapadia@example.com,7616918941,1597422056,1997-12-06,1,"65/078, Pal Street",Durgapur,Andhra Pradesh,India,639961,1
711967087014,0,Lekha,Advik,Basu,fariq09@example.net,8291741216,1426157682,2008-06-22,2,"454
Halder Ganj",Sikar,Rajasthan,India,953678,1
669476077793,0,Yamini,Avi,Sarkar,farhanwagle@example.com,5796565466,3112832224,1981-04-06,2,"00/677
Jha",Jalna,Bihar,India,896208,1
274920293843,1,Harish,Divya,Jaggi,qsinghal@example.com,1339739382,0487903931,1996-10-20,1,"11, Ramesh Chowk",Yamunanagar,Goa,India,774295,1
557686781081,0,Ishaan,Vinaya,Yadav,sureshadvaith@example.com,8142088238,9229595700,2006-04-24,1,"14/407, Rao",Tiruchirappalli,Odisha,India,174935,1
495120978342,0,Abdul,Baljiwan,Mukherjee,fagate@example.org,4571755319,9898153664,2006-02-02,1,"89/946, Swaminathan Chowk",Ajmer,Mizoram,India,244678,1
958167167503,1,Chatura,Garima,Aggarwal,jeremiah40@example.org,5456951380,7952177512,1977-04-21,1,"32, Chaudhry Marg",Jalandhar,Madhya Pradesh,India,835863,1
281678599367,0,Ishani,Timothy,Ramesh,girish19@example.com,6827239718,8746705214,1973-08-06,2,"25, Loke Path",Shimoga,Jharkhand,India,535301,1
653711467843,1,Dhriti,Matthew,Karpe,hemangini54@example.com,6108533758,1382186398,1988-01-24,2,"173
Mangat Marg",Fatehpur,Madhya Pradesh,India,936089,1
632917523034,1,Siya,Vasatika,Borah,warinder20@example.com,1463645172,1482529836,1977-10-30,2,"55/683, Solanki Road",Thrissur,Maharashtra,India,874237,1
972388881323,1,Jagvi,Jyoti,Subramaniam,fiyaz19@example.org,4066832979,3609574967,1987-12-12,2,"27, Mangat Marg",Kolkata,Sikkim,India,722469,1
398971671557,1,Aadhya,Meera,Mahajan,qarin01@example.org,8356842560,7591405567,1968-07-24,2,"432
Chandran Path",Guwahati,Bihar,India,203870,1
244296874551,0,Jagat,Tanish,Suri,zsodhi@example.com,4209410627,0284152621,1981-09-24,1,"H.No. 231
Deshpande Nagar",Firozabad,Karnataka,India,582626,1
684732013542,0,Pallavi,Triya,Hari,yatan39@example.com,4884768289,3574571801,1973-05-29,2,"03/576, Swamy Road",Nizamabad,Gujarat,India,930651,1
231987984995,0,David,Jyoti,Sekhon,fitansubramanian@example.org,1021797578,3193849266,1989-09-12,1,"H.No. 08
Lalla",New Delhi,Telangana,India,358129,1
668679755382,1,Bimala,Sneha,Khurana,ghoshrudra@example.net,1305991421,2549000009,1999-05-24,2,"854, Dugal Nagar",Pallavaram,Meghalaya,India,555242,1
964764001697,1,Atharv,Vrishti,Kaur,vmander@example.com,9279161974,0512500648,2006-08-27,1,"83/62, Sachar Ganj",Aligarh,Assam,India,228794,1
693047043965,0,Lucky,Ekanta,Subramaniam,oliverdara@example.org,4720840155,9023602912,2007-01-13,1,"H.No. 00, Chaudry Nagar",Fatehpur,Assam,India,804381,1
616293515290,0,Garima,Nitara,Subramaniam,dasguptakrish@example.com,3159260872,8977249940,1993-07-25,2,"76/859, Banik",Karnal,West Bengal,India,311880,1
490088047143,1,Yasti,Jagvi,Gandhi,qchakraborty@example.com,5925220205,8135385897,1961-10-12,2,"68, Mand",Sirsa,Uttarakhand,India,689381,1
309732931019,0,Falguni,Chanakya,Dass,jvohra@example.net,1563458119,8253893068,1989-01-10,2,"939
Bala Marg",Morbi,Telangana,India,322122,1
178754901336,1,Onkar,Qushi,Madan,prasadarya@example.org,7842579873,5511691767,1988-02-20,1,"996, Hora Nagar",Saharanpur,Andhra Pradesh,India,715748,1
771111701212,0,Yash,Onveer,Badami,urishillasidhu@example.org,6145759145,6539387662,1995-08-26,1,"90
Mani",Pondicherry,Kerala,India,805255,1
456771180461,1,Madhav,Upkaar,Modi,nihalgandhi@example.org,8283368475,5356056537,2003-05-03,1,"94/28, Swaminathan Ganj",Khammam,Tripura,India,592744,1
169587139517,1,Nirja,Imaran,Savant,gaurika26@example.net,3610966990,9493491579,1983-10-21,2,"52/632
Trivedi",Sasaram,Madhya Pradesh,India,857368,1
993480277276,1,Amruta,Maanas,Sahota,asem@example.net,9288620514,2582839643,2007-03-21,2,"63
Chacko Marg",Coimbatore,Assam,India,272136,1
719309171511,0,Neha,Triveni,Sarkar,misrareva@example.org,8374214728,2730438085,1994-04-02,2,"H.No. 69
Kara Street",Junagadh,Tamil Nadu,India,584674,1
762599906908,1,Hiral,Jyoti,Bhagat,kuruvillaharsh@example.net,8587044889,2579509386,1978-06-20,2,"59/804, Edwin Chowk",Pali,Kerala,India,811074,1
272257692712,1,Aryan,Hemani,Sheth,hemal04@example.com,7699145906,6028331202,2002-03-30,1,"03
Sawhney Ganj",Patna,Bihar,India,108406,1
476838761768,1,Finn,Balveer,Ganesan,varshadey@example.com,9298542943,5890933525,1983-06-18,1,"H.No. 48, Nagarajan Path",Satara,Punjab,India,331031,1
919677415552,1,Faraj,Simon,Sem,sehgalladli@example.net,3506150704,4520429089,1990-12-20,1,"H.No. 34, Mann Ganj",Udupi,Madhya Pradesh,India,442403,1
671976726272,0,Vrinda,Zinal,Mody,zjani@example.net,1674244419,7931436142,1991-07-12,2,"H.No. 07, Varma Circle",Gopalpur,Chhattisgarh,India,037154,1
340677268943,0,Hemangini,Ekbal,Zachariah,balvan37@example.net,7870645736,7259513939,1989-11-26,2,"H.No. 15, Saxena Path",Akola,Andhra Pradesh,India,597171,1
829509977884,1,Raagini,Warhi,Edwin,lohit86@example.net,1771393193,4813224421,2007-09-18,2,"09/220
Chana Path",Katihar,Uttarakhand,India,381589,1
830688375579,0,Darika,Zinal,Narula,vpuri@example.net,4207613101,5361831911,1988-07-28,2,"37, Bera Street",Navi Mumbai,Rajasthan,India,489155,1
772737549423,1,Dayamai,Arya,Shetty,laban05@example.com,5236396648,6490343542,1979-01-14,2,"93/440, Jaggi Marg",Ulhasnagar,Uttarakhand,India,823677,1
541803376258,1,Yahvi,Simon,Sathe,onarain@example.com,2181716059,8554141947,1992-08-11,2,"47
Mander Chowk",Coimbatore,Manipur,India,952436,1
178033260732,1,Dhruv,Gayathri,Setty,bhavanivarma@example.org,3415890971,5295931222,2006-12-09,1,"80/67, Kumar Marg",Cuttack,Rajasthan,India,029679,1
965722301484,0,Ranveer,Nitesh,Dash,bhanumati91@example.com,4543290453,8132962264,1991-11-27,1,"15/27
Sibal Chowk",Bhubaneswar,Assam,India,222967,1
953812826803,1,Barkha,Qabil,Pingle,zdara@example.net,9106951641,6027693830,1971-12-08,2,"H.No. 866
Dayal Road",Ambattur,Tamil Nadu,India,647847,1
878564319666,1,Hamsini,Darpan,Walia,idika41@example.net,1294365464,8597849811,1972-09-29,2,"65
Madan Zila",Fatehpur,Karnataka,India,415599,1
483989595231,0,Falak,Zaid,Sathe,keya14@example.net,1549692242,6918347640,1975-08-08,2,"380, Apte Nagar",Gudivada,Sikkim,India,179426,1
195580258573,0,Aahana,Anmol,Vyas,vkhatri@example.com,6058086825,5549398974,1985-02-11,2,"H.No. 57, Gaba Ganj",Maheshtala,Mizoram,India,691900,1
462432178821,0,Bachittar,Tanvi,Choudhry,patrickbanerjee@example.com,0756745441,4300834131,1998-07-09,1,"H.No. 69
Nadig Path",Begusarai,Tamil Nadu,India,102710,1
343330709400,0,Gayathri,Azad,Sarna,jagrati89@example.net,1139376350,4112984969,1998-09-16,2,"837
Badami Chowk",Ratlam,Tamil Nadu,India,146698,1
226498985041,0,Frederick,Dominic,Sundaram,boseguneet@example.org,4818439370,9073068563,1974-10-25,1,"64/13
Warrior Marg",Mirzapur,Odisha,India,217355,1
106855819917,0,Gauri,Priya,Chada,sureshunnati@example.org,0753843367,9957399498,1962-11-01,2,"07
Thaman Street",Shimoga,Kerala,India,631101,1
174899765850,0,Pranav,Vedhika,Gandhi,odikaparikh@example.net,7785161108,6646941963,1974-04-03,1,"90
Ramanathan Chowk",Firozabad,Karnataka,India,293761,1
848653523692,1,Panini,Tripti,Bedi,rsharma@example.org,1244648596,8390179954,1978-02-09,2,"35/747, Bhargava Circle",Serampore,Telangana,India,780323,1
288006888356,1,Harsh,Falan,Yogi,xraval@example.net,8666060864,0018701533,1975-05-20,1,"H.No. 76, Dada Road",Bhiwani,Bihar,India,662579,1
458125477785,1,Bhanumati,Vamakshi,Bose,bdeshpande@example.com,9431519982,7591075601,1984-04-12,2,"H.No. 969, Srinivasan Nagar",Jaunpur,Tripura,India,871154,1
657543181462,1,Pranav,Siddharth,Biswas,yatan64@example.net,4529052637,2270420056,1996-01-24,1,"H.No. 318, Mangal Path",Kozhikode,Karnataka,India,105420,1
879600031141,0,Vrinda,Anita,Suresh,tpatel@example.org,3641838793,8602766457,1996-10-02,2,"82
Aggarwal Chowk",Aurangabad,Kerala,India,043894,1
219172053159,0,Christopher,Yashodhara,Shukla,znair@example.org,6785828119,8816799712,2001-12-03,1,"48/09
Karnik Street",Barasat,Madhya Pradesh,India,382670,1
528214954530,1,Darika,Qarin,Mammen,singhansh@example.org,2151129124,3491279396,1990-09-28,2,"H.No. 200
Bhasin",Dhanbad,Haryana,India,788118,1
295800460588,0,Gaurika,Girindra,Gokhale,hardikvasa@example.org,5319375343,6524200786,1996-07-20,2,"279, Vohra Path",Jehanabad,Odisha,India,297052,1
770879934740,1,Simon,Anthony,Bhavsar,korpalchandran@example.net,4709285906,4193937377,2005-04-24,1,"117, Chawla Ganj",Davanagere,Haryana,India,153930,1
270361332702,1,Kashvi,Oscar,Sagar,hgulati@example.com,3961012406,9173498076,1987-12-25,2,"H.No. 726, Deo Circle",Kota,Andhra Pradesh,India,755343,1
121339253831,1,Yashvi,Ladli,Tella,tejas11@example.com,7202196258,2545616555,1974-06-11,2,"64, Anand Nagar",Bokaro,Punjab,India,868838,1
568372333991,0,Charita,Dipta,Trivedi,henrykeer@example.org,4349498121,8149784330,1976-08-04,2,"H.No. 157
Kibe Marg",Vellore,Kerala,India,442410,1
173645830257,0,Zayan,Anamika,Bhardwaj,timothysankar@example.org,2966835818,0884899542,1976-01-26,1,"H.No. 11, Bose",Amroha,Assam,India,720744,1
467938979360,0,Rachana,Wriddhish,Puri,omaster@example.com,8861380025,6071992322,2005-03-21,2,"44/323, Thakur Chowk",Muzaffarnagar,Andhra Pradesh,India,771599,1
808311110811,0,Gunbir,Manbir,Bhatia,inaya99@example.org,6695019454,8850395718,1982-04-20,1,"78, Shanker Marg",Mathura,Bihar,India,103548,1
890086001281,0,Ekbal,Ekapad,Murty,ekaja42@example.org,0249736782,2911723387,1979-09-27,1,"62/65, Basu Road",Bareilly,Odisha,India,979950,1
464541743325,1,Nilima,Neha,Jain,wriddhish86@example.net,7639723223,3166926939,1997-06-07,2,"H.No. 47
Subramanian Circle",Chapra,Uttarakhand,India,334395,1
487865537230,1,Tanvi,Chakrika,Borde,bakshivaishnavi@example.com,4463286949,2716927504,1979-02-11,2,"42/64, Chaudhary Marg",Bellary,Nagaland,India,281976,1
446841624368,0,Ansh,Fariq,Sharma,iviswanathan@example.com,6642191845,3001873418,1968-09-02,1,"212
Balay Marg",Amaravati,Manipur,India,265869,1
683671923388,0,Sai,Abhiram,Lad,baralchanakya@example.com,3440727521,2408397534,1973-08-11,2,"144, Rout Circle",Buxar,Chhattisgarh,India,744928,1
657021109474,1,Ekalinga,Ekaraj,Vala,choudharychaaya@example.net,3626901283,1040508677,2004-04-10,1,"431, Pandya Street",Katihar,West Bengal,India,016833,1
738144752832,0,Daksh,Pushti,Sampath,eravel@example.net,2919410622,9930382878,2008-03-03,1,"16
Varghese Path",Vasai-Virar,Goa,India,448135,1
136041693181,0,Kai,Bhavani,Thakur,pratyush30@example.com,2546566262,6094729461,2006-09-13,1,"215
Bajaj Ganj",Hubli–Dharwad,Odisha,India,764374,1
987363658069,1,George,Baghyawati,Dewan,wridesh21@example.com,3843021733,5803107013,1982-08-27,1,"01/40, Nazareth Road",Parbhani,Karnataka,India,366825,1
486964108741,0,Victor,Aarush,Boase,ipalan@example.org,4556786591,7569418445,1968-10-07,1,"49/74
Kamdar Zila",Sonipat,Gujarat,India,290943,1
968777356063,0,Om,Avni,Narain,msoman@example.com,4309925457,0101473260,1966-10-28,1,"69/900
Devan",Jamalpur,Haryana,India,425293,1
900467112478,0,Noah,Neelima,Loke,ishanidar@example.net,1455685835,2111264169,2002-09-11,1,"H.No. 84, Sethi Ganj",Bidar,Mizoram,India,898517,1
524696831211,0,Gavin,Xalak,Madan,chadafaris@example.net,9330429450,0057680391,2007-02-12,1,"15/75, Dube Street",Bijapur,Tamil Nadu,India,438073,1
785981517839,0,Aarna,Eesha,Bumb,dram@example.com,6235679222,5886607900,1979-03-02,2,"H.No. 904
Swamy Chowk",Pallavaram,Maharashtra,India,310288,1
898654318754,1,Kala,Wahab,Nadkarni,waglechaitaly@example.org,6189271148,4875644604,1994-10-05,2,"H.No. 02, Oza Path",Gandhidham,Maharashtra,India,750535,1
163341047465,0,Ria,Laksh,Dhawan,tellapeter@example.net,1492162706,2043649546,2004-09-15,2,"H.No. 122, Kade Ganj",Medininagar,Mizoram,India,360092,1
708812072228,1,Jack,Krishna,Goswami,vrajagopal@example.com,6845114990,7966424551,1989-10-10,1,"09/400, Bhandari Nagar",Hajipur,Gujarat,India,789118,1
158391197334,1,Ekalinga,Yachana,Menon,ramjeremiah@example.com,9188192402,7517893458,2000-07-10,1,"21
Venkatesh Circle",Vadodara,Manipur,India,546792,1
707843273191,0,Imaran,Rohan,Dhawan,tamanna51@example.org,1627836840,9435693919,1962-10-04,1,"H.No. 58
Oza Nagar",Kurnool,Tripura,India,507765,1
735465220680,0,Gaurang,Nimrat,Ranganathan,urvibahl@example.com,7143822767,2521797699,1991-04-21,1,"16/452, Kakar Marg",Mathura,Andhra Pradesh,India,666121,1
351020530970,1,Ishani,Meghana,Gole,lakshit65@example.net,5542743856,7565564276,1985-06-24,2,"H.No. 759
Ramachandran Street",Bhimavaram,Gujarat,India,428130,1
136803498939,1,Mugdha,Nikita,Rege,pratyushravel@example.org,4004397503,8554854991,1980-06-26,2,"72/640, Balakrishnan Street",Pimpri-Chinchwad,Arunachal Pradesh,India,281170,1
943903988071,0,Mason,Bachittar,Subramaniam,atharvgaba@example.net,5629683587,2147448781,2001-01-12,1,"H.No. 805
Prakash Path",Medininagar,Arunachal Pradesh,India,809088,1
749479841096,0,Aashi,Patrick,Jain,sampathfarhan@example.net,1676372625,0473543037,1961-12-03,2,"H.No. 34
Varughese Ganj",Aizawl,Uttar Pradesh,India,409557,1
457924697555,0,George,Hardik,Sane,patelishwar@example.net,7642215104,1834653892,2003-03-20,1,"557
Shan Ganj",Chinsurah,Nagaland,India,788179,1
867766270044,1,Vasatika,Utkarsh,Buch,xhari@example.org,0286712852,3306352977,1998-11-12,2,"440
Mammen Marg",Pimpri-Chinchwad,Sikkim,India,660110,1
862811163379,1,George,Manthan,Gera,omkaar76@example.net,0265835802,6463102457,1965-11-10,1,"11
Oak Nagar",Serampore,Maharashtra,India,098732,1
800297121269,1,Riya,Aachal,Misra,wpathak@example.org,6502562046,8279951728,1992-09-04,2,"H.No. 517, Mangat Marg",Bhilai,Sikkim,India,768318,1
570708208049,1,Janaki,Dhriti,Borah,jsathe@example.org,9528823540,4541505925,2008-04-03,2,"05, Shukla Marg",Ahmedabad,Haryana,India,555328,1
234396619120,1,Balhaar,Vihaan,Dasgupta,samarth29@example.org,6245926781,2551140984,1985-04-18,1,"58/428
Kar Marg",Kamarhati,West Bengal,India,469182,1
699494289199,0,Amol,Andrew,Bath,darpanbhattacharyya@example.net,6224516031,5226188263,1997-07-06,1,"19
Ramanathan Path",Phusro,Odisha,India,811416,1
412782479962,0,Divya,Mohammed,Bala,ramanathanjagrati@example.org,5414068138,0532958095,2000-07-15,2,"70
Kamdar Marg",Fatehpur,Punjab,India,808742,1
733447332277,1,Aarush,Yashica,Master,gpalla@example.org,4811043614,1778347012,1990-11-29,1,"098
Som Path",Belgaum,Assam,India,753021,1
248598956298,0,Abdul,Hardik,Chanda,chadtarak@example.org,9432450248,8220503419,1972-01-01,1,"024
Chaudry Circle",Moradabad,Maharashtra,India,674569,1
303031608186,1,Arya,Samesh,Patla,ekani72@example.org,8097105795,0689702753,1993-01-11,2,"80/371
Buch Circle",Bardhaman,Rajasthan,India,142823,1
707855260751,1,Girik,Aryan,Dara,mbhagat@example.net,8261509199,1132825487,1987-01-09,1,"44, Loyal Road",Davanagere,Tamil Nadu,India,734989,1
542855637970,1,Ekaraj,Vedant,Bhavsar,kamyamammen@example.com,7408510757,5688372060,1967-06-08,1,"H.No. 478
Naidu Path",Ballia,Bihar,India,303151,1
608837029611,0,Yahvi,Maya,Bassi,fdevi@example.com,7973876641,5245529901,1971-02-22,2,"H.No. 21
Kakar Nagar",Panvel,Tamil Nadu,India,089554,1
381621593905,0,Neelima,Manthan,Kade,aparmar@example.com,7395374578,7013757866,2007-05-14,2,"00/269
Sami Ganj",Danapur,Himachal Pradesh,India,129037,1
964568393517,0,Kavya,Jeevika,Sama,keershravya@example.net,5299866787,4661189083,1966-06-25,2,"H.No. 668, Bajaj",Raurkela Industrial Township,Bihar,India,517629,1
791150473834,1,Fitan,Kritika,Mangat,lparikh@example.org,7358637501,3504208500,1985-09-16,1,"H.No. 747, Pai",Visakhapatnam,Madhya Pradesh,India,242735,1
258043910968,0,Aditya,Vasatika,Rai,mchoudhury@example.com,9844656966,7113878235,1974-07-22,1,"65
Bir Road",Malegaon,West Bengal,India,162963,1
393484269076,1,Jeet,Daniel,Nath,bahlveda@example.org,2921493191,1856589147,1967-01-09,1,"H.No. 17
Varghese Nagar",Patna,Madhya Pradesh,India,526381,1
926777389952,1,Abhiram,Samaksh,Raju,tde@example.org,7717049748,2096838842,1972-08-17,1,"H.No. 39, Shan Marg",Bhopal,Nagaland,India,938497,1
402694554718,1,Samar,Rohan,Majumdar,sawhneyneelima@example.org,2582964257,5605704913,1999-09-08,1,"128, Ratti Road",Madanapalle,Assam,India,040380,1
228441956906,0,Meera,Eshana,Ramaswamy,urvashirege@example.org,7412440165,6555315726,1982-09-21,2,"194, Wali Road",Etawah,Sikkim,India,561764,1
382972011120,1,Reyansh,Gautam,Tandon,morarharinakshi@example.com,2791347145,3579381835,1976-10-31,1,"68/243
Memon",Belgaum,Uttar Pradesh,India,267493,1
584683894829,1,Ishani,Ronith,Desai,urvashidutta@example.net,7471297323,5659118515,1988-11-24,2,"19/339
Dutt Circle",Muzaffarnagar,Bihar,India,677260,1
373194934612,1,Hemani,Qarin,Grover,kotaira@example.org,3809265110,9527358586,1982-03-19,2,"60, Kunda Street",Ambattur,Gujarat,India,891629,1
319879536386,1,Udarsh,Aadi,Mani,charlesjha@example.com,0298458259,3956520856,1986-07-09,1,"91/77, Bhardwaj Road",Ghaziabad,Haryana,India,281937,1
515280789224,1,Damyanti,Theodore,Prabhakar,wbalasubramanian@example.com,6505419054,3911008503,1975-08-08,2,"24/377, Palan Ganj",Howrah,Goa,India,490701,1
280348266043,0,Ishita,Chatresh,Basu,tsridhar@example.net,7771661726,4429740319,1995-06-17,2,"H.No. 33
Kapoor",Surat,Chhattisgarh,India,154332,1
947462849402,1,Harish,Yagnesh,Balay,sneha52@example.com,8798426704,8619916723,1962-08-03,1,"H.No. 430, Comar Road",Sri Ganganagar,Mizoram,India,548449,1
539710115315,0,Advik,Damini,Jayaraman,chakrabortythomas@example.com,9452078496,5051340636,1965-09-27,1,"44/552
Sen Circle",Aurangabad,Karnataka,India,087832,1
643576375699,1,Fiyaz,Hritik,Dasgupta,vasabina@example.com,7462599799,6808982680,1975-11-28,1,"95, Sampath",Ahmedabad,Uttarakhand,India,825670,1
692479944015,0,Omya,Mohini,Dugal,dhingrashravya@example.net,4884043737,1507017005,1992-11-12,2,"298
Gopal Ganj",Bhubaneswar,Goa,India,211331,1
750203633866,0,Ranbir,Raksha,Mohanty,yutikasalvi@example.com,5146021974,0846416223,2001-12-03,1,"80
Magar",Gurgaon,Bihar,India,669441,1
890894940460,0,Pratyush,Farhan,Edwin,vissac@example.net,1053697083,8762671634,1962-02-07,1,"06
Prabhu Marg",Mirzapur,Rajasthan,India,243035,1
809550032721,0,Bimala,Dayita,Ahuja,imarantalwar@example.com,2313544534,2693459730,1997-11-22,2,"05/46, Chokshi Chowk",Serampore,Manipur,India,151191,1
177797577601,1,Ubika,Omya,Khalsa,riagole@example.net,9468070868,5704436139,1981-11-17,2,"08/87
Dyal Chowk",Kollam,Maharashtra,India,207368,1
340379542316,1,Advik,Jasmit,Bir,guhajagat@example.net,7798759101,2531341701,1974-11-09,1,"46
Sridhar Path",Panipat,Odisha,India,452986,1
462189148015,0,Nimrat,Ekta,Chakrabarti,saimohan@example.com,2153694291,7486683509,1968-03-24,2,"06/116, Garde Marg",New Delhi,Kerala,India,202217,1
865769191876,1,Zayan,Laksh,Tripathi,vasudha21@example.org,2200983709,9815456311,1989-05-20,1,"31/20
Mand Marg",Panchkula,Nagaland,India,713499,1
634525796381,1,Wridesh,Abeer,Chandran,vrindaaggarwal@example.com,0786366466,1900565025,1977-12-10,1,"33, Mammen Chowk",Muzaffarnagar,Goa,India,339802,1
643608921089,0,Madhav,Aadhya,Wagle,zratta@example.com,0165589765,4364253084,1998-05-01,1,"33/999, Varkey Nagar",Motihari,Jharkhand,India,077539,1
345837174580,0,Mekhala,Arunima,Reddy,usom@example.com,9205228451,1854233908,1966-11-17,2,"21
Sastry Zila",Sambalpur,Haryana,India,570830,1
443651241262,0,Ekansh,Lopa,Rai,reddymichael@example.com,5593368953,6919743093,1967-04-14,1,"403
Mann Street",Ozhukarai,Uttar Pradesh,India,833420,1
858801897933,1,Vrinda,Anita,Narang,aashi35@example.org,5600903248,9060626188,2007-12-21,2,"H.No. 98
Vasa Street",Warangal,Chhattisgarh,India,984433,1
379161972478,0,Sara,Atharv,Gara,indrajit59@example.net,5872499335,4123521298,1971-07-08,2,"97, Ghose Ganj",Adoni,Jharkhand,India,893831,1
502482844525,1,Chanchal,Jagdish,Chana,aayushpant@example.net,3402294396,2741274825,1990-01-02,2,"87, Warrior Path",Mahbubnagar,Haryana,India,715175,1
183915321930,0,Advay,Vasana,Contractor,bapte@example.net,8575529241,3463572835,1994-09-17,1,"42/54
Basu Zila",Kanpur,Andhra Pradesh,India,487597,1
693052881443,0,Vasana,Dayita,Sanghvi,chasmum81@example.net,1368596795,4266215726,2007-01-13,2,"50/44
Palan Road",Cuttack,Chhattisgarh,India,471053,1
468566619072,1,Faras,Charvi,Pandit,vrishtisanghvi@example.net,5794151922,2750770025,1963-11-06,1,"H.No. 16
Basak Street",Buxar,Uttar Pradesh,India,834542,1
955751506828,0,Lekha,Robert,Deol,bandivamakshi@example.net,7513375136,7580646581,1986-01-24,2,"H.No. 412, Kalita Zila",Jaunpur,Karnataka,India,397934,1
441170374346,1,Faras,Jalsa,Narasimhan,btata@example.org,5002252028,1040375983,2000-07-05,1,"H.No. 965, Dara Street",Bhimavaram,Mizoram,India,033000,1
780995256777,1,Aarav,Radhika,Bhatti,advika31@example.net,7349180269,9930637574,1976-09-11,1,"20/99, Sule Nagar",Buxar,Uttar Pradesh,India,831127,1
343175095158,0,Sathvik,Ekanta,Yohannan,rayijaya@example.com,6710381600,0060801475,1981-10-30,1,"910, Rao Nagar",Mau,West Bengal,India,530538,1
529329107215,1,Charvi,Vrinda,Chopra,nakul34@example.com,3579143571,8181877298,2000-08-04,2,"96/72
Sur Nagar",Muzaffarpur,Andhra Pradesh,India,709831,1
847829726692,1,Abhiram,Bina,Lad,yogiladli@example.net,2873952053,7750516173,1966-03-02,1,"061
Arya Circle",Malda,Himachal Pradesh,India,638958,1
880165082228,0,Lipika,Triya,Suresh,manepatrick@example.org,2106334383,4716308360,1986-04-21,2,"H.No. 675
Basu",Bellary,Uttarakhand,India,993430,1
742806572961,0,Ekalinga,Wazir,Ramaswamy,lakshwadhwa@example.com,0158627415,7136917458,1998-07-11,1,"45, Gokhale Road",Purnia,West Bengal,India,163834,1
128996257878,0,Isaac,Kai,Magar,onveer14@example.net,9995784714,6689042285,1997-12-02,1,"H.No. 05, Sinha Marg",Belgaum,Haryana,India,015392,1
759698276528,1,Samar,Yashodhara,Biswas,oscarkurian@example.net,9328888795,2772514103,1997-09-15,1,"248
Char Chowk",Gopalpur,Meghalaya,India,607214,1
445652432538,0,Reyansh,Balveer,Aurora,dugalanika@example.net,2876922703,5210536167,1983-01-24,1,"883, Dalal Marg",Rampur,Nagaland,India,196242,1
767658094968,0,Brinda,Rohan,Krishnamurthy,ssengupta@example.net,8690181712,7443184880,1995-01-28,2,"H.No. 81
Lall Path",Alappuzha,Punjab,India,024696,1
854453542094,0,Damini,Pranit,Sandal,anvi09@example.com,5368358874,3572682170,1991-03-05,2,"899, Sengupta Road",Varanasi,Assam,India,979539,1
663667232455,1,Andrew,Ekta,Puri,nmukhopadhyay@example.org,0917848586,3012853045,1999-04-07,1,"409
Chand Street",Bettiah,Chhattisgarh,India,628457,1
360420970020,1,Falan,Bakhshi,Bajaj,nshah@example.com,5473350566,0057241436,1982-11-08,1,"H.No. 59
Palla Nagar",Pune,Assam,India,421081,1
231424707803,1,Azaan,Anita,Sampath,uvenkataraman@example.org,3071713249,3835515512,1970-05-02,1,"H.No. 351, Sidhu Circle",Kamarhati,Madhya Pradesh,India,178529,1
493181139873,0,Hemani,Nilima,Dar,aarush81@example.com,7944002281,4855887023,2003-05-08,2,"54/514, Pathak Ganj",Tadepalligudem,Goa,India,844515,1
186432076468,1,Ekaja,Jairaj,Krishna,shivanshvaidya@example.net,1699112870,2442142240,1995-06-27,2,"657
Wali",Lucknow,West Bengal,India,888610,1
692531694529,1,Yachana,Zayan,Wali,watika41@example.net,1228804176,0174545378,1984-08-23,2,"142, Munshi Ganj",Malegaon,Andhra Pradesh,India,178826,1
498815701630,1,Alexander,Januja,Swamy,dateeshana@example.com,1136804722,7130427143,1990-03-08,1,"H.No. 006, Sani Marg",Korba,Rajasthan,India,141368,1
708815112711,1,Ekavir,Daksh,Kale,samble@example.org,2751076342,4466255622,1991-06-24,1,"17/85, Kanda Road",Loni,Karnataka,India,822096,1
406151360523,0,Kamala,Ucchal,Chhabra,hdhingra@example.org,1386493018,5762956865,1996-04-12,2,"09, Nagy Circle",Bhubaneswar,Rajasthan,India,670529,1
936802107700,0,Anmol,Qarin,Jayaraman,cchaudhuri@example.net,7583926378,0398602203,2002-05-30,1,"80/63, Tiwari Road",Panihati,Arunachal Pradesh,India,621095,1
280871297791,0,Shivani,David,Kashyap,mallickgagan@example.com,4438459829,5607530928,1970-02-14,2,"H.No. 08, Krish Road",Firozabad,Arunachal Pradesh,India,956081,1
813203463372,1,Farhan,Ekiya,Rana,scomar@example.com,6508137691,5127997432,1979-10-17,1,"H.No. 46, Natt Road",Indore,Maharashtra,India,288506,1
750784875350,0,Jeremiah,Nimrat,Kara,udant74@example.com,9369105782,7797311653,1965-03-26,1,"H.No. 079, Apte Ganj",Visakhapatnam,Nagaland,India,693453,1
619622064709,0,Yahvi,Siddharth,Chana,gokhalesamaksh@example.org,3353187890,2381977558,1966-06-07,2,"365, Prabhu",Jorhat,Sikkim,India,409338,1
996510031742,0,Harinakshi,Quincy,Dass,rprabhu@example.org,6155571035,2382548235,1972-01-30,2,"008
Varughese Nagar",Ghaziabad,Tripura,India,514518,1
475022713210,0,Matthew,Ishaan,Panchal,oni74@example.com,8401096202,7772306251,1968-02-04,1,"17
Arya Chowk",Mehsana,Odisha,India,636754,1
558213223490,0,Omaja,Ekta,Srinivas,netrasama@example.com,1477191610,2261178386,1999-08-23,2,"23, Puri",Udaipur,Kerala,India,377681,1
745721944142,0,Lopa,Nitesh,Issac,bagarwal@example.org,0659462474,0857359479,1983-10-15,2,"28/346, Madan Circle",Amritsar,Tamil Nadu,India,616398,1
736520877482,1,Laban,Sachi,Trivedi,ghoshkashvi@example.org,5286209433,9210479597,1973-03-28,1,"042, Soni Path",Malegaon,Punjab,India,350335,1
574886441158,0,Ikbal,Chanakya,Panchal,saanvighose@example.org,0786261459,2466142839,2001-11-27,1,"22/391, Devan Path",Fatehpur,Manipur,India,224137,1
283909706935,0,Garima,Sathvik,Sami,diya82@example.com,3816303429,1943851592,2008-07-23,2,"75, Yadav Nagar",Bareilly,Odisha,India,802365,1
360562507461,0,Frederick,Agastya,Rout,zansisandhu@example.net,6090714603,4175910668,2000-08-22,1,"66/68, Viswanathan Street",Dhanbad,Kerala,India,405697,1
643252611018,0,Dipta,Benjamin,Sidhu,kaurakshay@example.com,1599505726,0477986395,1971-02-21,2,"375
Kurian Chowk",Raurkela Industrial Township,Haryana,India,398500,1
177664361872,0,Karan,Manbir,Mohanty,ishanvibalasubramanian@example.com,8235984237,2945968205,1986-04-26,1,"22/65
Arya Circle",Loni,Chhattisgarh,India,982173,1
937796372556,1,Widisha,Lipika,Deshmukh,rakshade@example.net,6872963366,3545136902,1979-07-12,2,"H.No. 479
Nayar Zila",Vijayawada,Kerala,India,785392,1
829065830952,1,Aarush,Tara,Devi,egulati@example.net,9425605354,6522673457,1984-08-18,1,"H.No. 316, Desai Circle",Narasaraopet,Jharkhand,India,849282,1
288451429650,1,Vihaan,Aadhya,Majumdar,kallamaanas@example.com,0801842357,5158616323,1975-11-30,1,"713
Rana Chowk",Adoni,Maharashtra,India,293547,1
368922824423,0,Wazir,Jack,Palla,aadhya93@example.org,4284664329,2355563419,1971-09-16,1,"933, Dash Marg",Sagar,Maharashtra,India,684776,1
785484579216,1,Luke,Adya,Khatri,nathanielsarma@example.net,6518069741,1494471740,1982-11-19,1,"602
Sood Marg",Bhubaneswar,Tripura,India,013440,1
249183539264,0,Upasna,Bhavini,Wadhwa,wsen@example.com,7523152282,5010358412,1983-08-28,2,"546
Singh Marg",Unnao,Gujarat,India,799656,1
977542981885,0,Manbir,Harshil,Bains,faras26@example.org,9299650911,6212287988,1991-04-13,1,"23/439
Vora Path",Nadiad,Kerala,India,148443,1
503116009590,0,Turvi,Ekbal,Korpal,ravalfarhan@example.com,2748502532,5454811867,1968-08-03,2,"605
Talwar Path",Aizawl,Assam,India,350556,1
867496861683,0,Yachana,Advik,Contractor,ladli26@example.net,3876241571,4419285406,1987-03-08,2,"70/51
Dubey Marg",Latur,Haryana,India,587102,1
485696093462,1,Aahana,Balveer,Anne,taraksengupta@example.com,1466576607,1095578738,1983-11-07,2,"H.No. 753, Vasa Circle",Howrah,Punjab,India,434238,1
461295835063,0,Vinaya,Indira,Yohannan,eshana79@example.org,4100362888,2121913066,1971-01-23,2,"26/92, Lad Road",Mangalore,Mizoram,India,617435,1
541843403886,0,Ayaan,Eta,Mammen,gavin72@example.net,0205729479,1282191910,1967-09-21,1,"871
Kurian Marg",Nanded,Haryana,India,405748,1
177341379270,1,Ekaja,Akshay,Sekhon,vohrajeremiah@example.net,9271764607,6272986888,1974-03-01,2,"80, Gara Circle",Begusarai,Odisha,India,005772,1
712426922341,1,Vrinda,Kai,Verma,ishanvimitra@example.org,1451876847,8542022449,1969-06-14,2,"H.No. 09, Brar Circle",Secunderabad,Chhattisgarh,India,732487,1
887395898725,0,Guneet,Krishna,Bala,sagaravi@example.org,4421047134,4361419749,1983-01-12,1,"H.No. 535
Sahota Zila",Rajpur Sonarpur,Karnataka,India,123429,1
853053223271,0,Laban,Jeet,Agate,krishnasastry@example.net,5449550285,1943499786,1999-05-08,1,"358
Mohanty Nagar",Shahjahanpur,Mizoram,India,541218,1
705646912470,0,Samesh,Mahika,Barman,udarsh48@example.org,4195475609,2267553656,1987-01-01,1,"466
Bawa Chowk",Aurangabad,Telangana,India,952144,1
403911497365,0,Karan,Kevin,Bal,gchand@example.org,1753633951,4682796849,1988-02-08,1,"999
Sidhu Nagar",Miryalaguda,West Bengal,India,228973,1
155770036481,0,Vamakshi,Rishi,Saxena,ronith42@example.net,0568575405,4754847762,2004-10-18,2,"93/83, Pillai Street",Bhatpara,Bihar,India,485360,1
875649208246,0,Jack,Kalpit,Shankar,ramaditya@example.net,4927592924,5813557410,1963-05-03,1,"27
Patil Zila",Gaya,Karnataka,India,770768,1
485012951035,0,Oscar,Ishita,Barman,lsidhu@example.com,3967225904,6055715091,1984-04-15,1,"H.No. 79, Nagarajan Circle",Bally,Uttar Pradesh,India,199252,1
863818430274,1,Bhavani,Tristan,Dar,anmol84@example.net,4786698593,0490656769,2005-12-08,2,"H.No. 67, Master Marg",Junagadh,Haryana,India,903746,1
327962925022,1,Ekta,Ishani,Hora,ebumb@example.net,8214304230,0621829639,1991-12-28,2,"55/408, Khanna Marg",Shivpuri,Telangana,India,126601,1
580504463860,0,Waida,Ayaan,Ram,ekajabadal@example.org,2510409768,8074546348,1983-07-25,2,"325, Dugar Road",Satna,Maharashtra,India,210496,1
402795160015,0,Chavvi,Mitesh,Sha,zarnasengupta@example.org,8916680881,0400151098,1968-08-31,2,"055, Patil Zila",Raiganj,West Bengal,India,907236,1
189104274655,1,Gunbir,Vedant,Kara,nakshchopra@example.com,2074818568,5127847713,1986-02-05,1,"752, Golla Circle",Shivpuri,Goa,India,410670,1
644564803893,1,Bhavna,Jhalak,Merchant,dhritinagarajan@example.org,2462434197,1080841187,1995-08-18,2,"64, Warrior Path",Eluru,West Bengal,India,780001,1
556516542679,0,Joshua,Jairaj,Mutti,wvig@example.org,4353439695,2842587242,2004-04-15,1,"H.No. 400
Sood Ganj",Morena,Gujarat,India,334393,1
177729383748,1,Ekbal,Neha,Mane,golemanthan@example.net,4900883488,1036542469,1998-03-07,1,"83, Deshmukh Circle",Thoothukudi,Telangana,India,556838,1
567592956083,0,Aishani,Xalak,Maharaj,jagate@example.com,3818658977,9967042264,2004-08-12,2,"50/90
Nair Road",Bhatpara,Odisha,India,757547,1
223529179905,1,Megha,Orinder,Dara,paniniwalia@example.org,7261465472,6036541743,1984-12-07,2,"348, Hayre Ganj",Chinsurah,Uttar Pradesh,India,419409,1
973764422470,1,Unni,Vivaan,Choudhary,dehredhaan@example.org,9355403855,3644393976,1995-02-25,2,"83/028, Pai Street",Tirunelveli,Karnataka,India,329601,1
576146541051,0,Tanvi,Avni,Minhas,onkar35@example.org,5347747730,8149204082,1993-10-25,2,"48
Tella Ganj",Bulandshahr,Meghalaya,India,035124,1
206034941689,1,Vrishti,Warjas,Shanker,babunitesh@example.com,7155903840,9873650067,1980-03-21,2,"H.No. 435, Edwin Path",Tiruchirappalli,Gujarat,India,005581,1
614744701768,0,Rachana,Nicholas,Karpe,esant@example.com,8237470521,9513247669,1995-08-22,2,"H.No. 88, Dora Marg",Ambattur,Manipur,India,565943,1
819877489492,0,Raghav,Timothy,Reddy,yadavi55@example.org,3252708326,2738953673,1988-03-08,1,"43/44
Master Nagar",Bettiah,Tamil Nadu,India,772250,1
752630231689,1,Rayaan,Mekhala,Bose,vahuja@example.net,0187381806,5293178216,1989-03-02,1,"27, Kakar Chowk",Bulandshahr,Tripura,India,545529,1
873963428444,1,Tanish,William,Wason,xgarg@example.org,2265956307,7326425463,2002-02-05,1,"H.No. 415
Roy Path",Hindupur,Arunachal Pradesh,India,337593,1
854236804912,0,Isaiah,Zayan,Lala,sara35@example.com,1436705658,5825320289,1984-05-17,1,"08
Sandhu Path",Tadepalligudem,Karnataka,India,125047,1
530672004240,0,Edhitha,Eta,Gokhale,zvarghese@example.org,7021556108,8989139573,2003-06-25,2,"15, Deshmukh Street",Rajkot,Maharashtra,India,569688,1
396992845459,0,Viraj,Diya,D’Alia,sbarad@example.org,1503534330,7430797259,1975-03-28,1,"602, Pathak Chowk",Alwar,Madhya Pradesh,India,478570,1
558227331052,0,Gopal,Libni,Subramaniam,ckumer@example.net,5220718109,0953754282,1999-06-06,1,"H.No. 919
Barad",Silchar,Gujarat,India,317037,1
315258862563,0,Quincy,Forum,Pathak,radhika47@example.net,9291200057,4615747465,1976-02-04,1,"H.No. 16, Upadhyay Road",Pimpri-Chinchwad,Kerala,India,237116,1
884422188141,1,Aarna,Upma,Om,nicholas52@example.net,0981543115,2933426923,2008-06-16,2,"H.No. 615
Bose Marg",Pondicherry,Tripura,India,180852,1
627519877066,1,Advaith,Gayathri,Sengupta,dalajabal@example.com,3056276600,4402280539,1968-05-11,1,"H.No. 28
Jayaraman Chowk",Bahraich,Kerala,India,770620,1
718939851586,0,Geetika,Pranav,Mutti,seshadrixiti@example.org,5289873844,8297274192,1974-03-09,2,"01/09
Suresh Ganj",Asansol,Rajasthan,India,481598,1
951216344849,0,Nihal,Adya,Srinivas,mmann@example.com,7706981248,6273715675,1968-11-24,1,"76/402
Dhaliwal Nagar",Imphal,Manipur,India,694823,1
804107179068,0,Nachiket,Avi,Pandit,raaginiramachandran@example.org,8359434465,9966524444,1980-03-21,1,"H.No. 685, Purohit Marg",Gwalior,Jharkhand,India,574987,1
193312048114,0,Rachit,Qasim,Ahluwalia,anyaparekh@example.org,2914384975,7737819891,1981-10-29,1,"045, Singhal Nagar",Anantapur,Manipur,India,446349,1
341502231439,0,Ucchal,Tristan,Keer,gbhavsar@example.org,6640250363,3843056484,1966-06-24,2,"72, Agate Circle",Amravati,Maharashtra,India,561674,1
569818964373,1,Nakul,Ojas,Badami,qwable@example.org,9418845203,8317921619,1987-05-14,1,"410, Sachdeva Chowk",Danapur,Bihar,India,849096,1
767898779863,1,Dakshesh,Suhani,Chad,bsampath@example.org,8317212045,1064031985,1980-07-13,1,"H.No. 063, Chaudry Circle",Ahmedabad,Tripura,India,745520,1
430114187627,1,Mugdha,Laban,Sura,dnath@example.net,1552693270,6346817039,1994-11-13,2,"14/552, Sarin Street",Mehsana,Maharashtra,India,310433,1
665032796705,1,Girish,Yashoda,Chandran,umerchant@example.org,4298684650,8758665508,1965-03-25,1,"59/12
Garde Marg",Lucknow,Goa,India,673820,1
266768619100,1,Charan,Ijaya,Mishra,atisagar@example.com,9959175827,8465572224,1993-02-28,1,"78/58
Char",Tezpur,West Bengal,India,638758,1
364326402614,0,Finn,Tanish,Kaur,madanorinder@example.org,8825680566,2506394093,1995-12-28,1,"H.No. 667, Mahal Street",Morena,Gujarat,India,995102,1
352182688589,1,Harrison,Abhimanyu,Uppal,samesh30@example.com,8784382007,2614700211,1980-06-18,1,"76
Devi Nagar",Jaunpur,Goa,India,826144,1
115173463244,1,Samar,Fitan,Chaudhry,kabirkade@example.org,9455642311,5129705772,1971-06-10,1,"H.No. 05
Garde Road",Rajpur Sonarpur,Karnataka,India,013342,1
621584443381,0,Shravya,Darpan,Ravi,zbawa@example.org,1926030318,9988088002,2004-08-13,2,"H.No. 992
Koshy",Srinagar,Gujarat,India,222585,1
468869790951,1,Yuvraj,Max,Krishnan,saumyagoel@example.com,9709225022,2656786449,1985-05-22,1,"12
Zacharia Ganj",Mango,Karnataka,India,875732,1
262833145552,1,Harinakshi,Kai,Bedi,garimasoman@example.com,4125123262,3025248467,1982-12-18,2,"H.No. 914, Prakash Nagar",Malda,Meghalaya,India,962483,1
511935118359,0,Ronith,Nathaniel,Baria,oeshi51@example.com,0042680783,0800900464,2006-12-03,1,"66/475
Krish",Berhampur,Sikkim,India,904069,1
979451612221,1,Ishita,Ijaya,Deol,bhavanishukla@example.org,8724547541,9759791784,1962-06-12,2,"63/505
Rege Zila",Amritsar,Arunachal Pradesh,India,896193,1
437602349837,1,Daksh,Dev,Bahri,wpillay@example.org,5528004837,3319984853,1990-09-30,1,"39/05, Choudhry Circle",Satara,West Bengal,India,906296,1
124021759867,1,Urvashi,Naksh,Lad,fpillay@example.net,9686817043,7970292748,1993-02-11,2,"94/43
Bhalla Marg",Tadipatri,Himachal Pradesh,India,873335,1
208718767817,0,Tristan,Balendra,Bhavsar,dhawannikita@example.com,7419352528,5391658088,1971-02-06,1,"024
Subramaniam Circle",Miryalaguda,Nagaland,India,597216,1
410820115225,0,Hiral,Ayush,Kothari,wridesh85@example.net,7896922935,8648339600,1963-07-22,2,"03/825, Dhillon Nagar",Gwalior,Tamil Nadu,India,241332,1
880702703606,1,Warinder,Gaurika,Chakraborty,nimrat73@example.org,8445330397,3654948617,1972-08-13,1,"38/95, Grewal",Serampore,Arunachal Pradesh,India,989554,1
635402726635,0,Christopher,Gauri,Pingle,darshvarty@example.com,4766496732,0631506805,1999-01-19,1,"H.No. 597, Tata Street",Mahbubnagar,Uttarakhand,India,768337,1
770922679658,1,Lipika,Samar,Thakkar,michaelrajagopal@example.com,7891391289,9727546197,1969-10-01,2,"85/810, Kumer Marg",Thane,Telangana,India,431445,1
989143981751,0,Omisha,Ladli,Bhandari,zjohal@example.com,8668705412,9282239419,1970-05-08,2,"H.No. 540, Sastry Nagar",Latur,Maharashtra,India,915629,1
940592108222,0,Zaid,Mekhala,Puri,ojaskothari@example.org,3620297243,7987989329,1964-06-21,1,"575
Nagi",Tirunelveli,Gujarat,India,344941,1
934157309449,0,Daksha,Barkha,Narasimhan,ggolla@example.org,9215305879,4182835387,1993-01-21,2,"77, Behl Circle",Nagaon,Odisha,India,295690,1
904079378613,0,Radha,Qasim,Agarwal,rayaan91@example.org,7692083078,6432126244,1983-03-29,2,"423, Thakkar Zila",Darbhanga,Maharashtra,India,858946,1
236594793182,0,Saanvi,Kevin,Sandal,krishnabadal@example.org,1328606787,2733427325,1974-09-22,2,"78/690, Dhawan",Barasat,Madhya Pradesh,India,550433,1
255662832895,0,Damyanti,Upadhriti,Anand,swaminathanvaishnavi@example.com,2286384025,4415004538,1978-11-13,2,"H.No. 539
Chakrabarti Ganj",Kakinada,Manipur,India,955029,1
760297778317,0,Deepa,Hardik,Rajagopal,abeerchad@example.net,8323196897,2716700898,2000-01-06,2,"702
Talwar Zila",Karimnagar,Uttarakhand,India,969716,1
149807737551,1,Ekaja,Liam,Sawhney,hiraltara@example.com,8522459964,1111251481,1996-03-24,2,"010, Dash Marg",Ambarnath,Punjab,India,112065,1
924996714717,1,Harinakshi,Anita,Bhat,nakulsavant@example.org,6293279020,6408372306,2003-09-08,2,"581, Chaudhry",Khandwa,Madhya Pradesh,India,424331,1
415957059480,0,Vedika,Teerth,Mane,wjain@example.net,5826121150,4851331599,1997-07-06,2,"60/883
Kara Path",Ludhiana,Kerala,India,512443,1
906103633029,1,Peter,Aadi,Krishna,mbhattacharyya@example.com,1279165244,0347252738,1976-05-26,1,"02, Chacko Road",Tiruppur,Jharkhand,India,819175,1
106282305892,1,William,Frado,Chadha,abdul86@example.com,0841258681,3863172145,2000-02-15,1,"47/81, Kala Path",Karnal,Tripura,India,893397,1
856862088987,1,Alexander,Odika,Arya,rudrasahota@example.net,3023801518,0722597698,1974-06-13,1,"01, Behl Road",Bharatpur,Kerala,India,738212,1
324700387504,1,Akshay,Joshua,Guha,alka73@example.org,9617043675,2499885851,1987-03-17,1,"19
Raja",Vasai-Virar,Punjab,India,684942,1
382370359799,0,Abdul,Madhav,Rana,pushti66@example.net,1160570361,2137978775,1997-12-21,1,"774, Sinha Ganj",Sonipat,Assam,India,461777,1
301681341108,1,Yagnesh,Harish,Ramaswamy,lilakaul@example.com,9940841952,7067961594,2004-04-05,1,"35/797
Mammen Marg",Vijayanagaram,Chhattisgarh,India,591165,1
297601626969,1,Shravya,Arunima,Dhingra,rrana@example.com,1372139522,0799500329,1970-02-19,2,"44, Jani Circle",Jorhat,Jharkhand,India,707627,1
276205245340,0,Agastya,Noah,Koshy,psampath@example.org,1576665241,0858495038,2000-04-05,1,"484
Ram Circle",Mumbai,Madhya Pradesh,India,120898,1
390258437324,0,Anya,Lopa,Datta,falgunibobal@example.net,9628468687,5784900625,1965-08-21,2,"37
Mahal Marg",Hyderabad,Haryana,India,892863,1
549548820376,0,Harshil,Jonathan,Sahni,uzachariah@example.org,1771083503,4617541388,1987-11-12,1,"825
Bhandari Path",Rewa,Bihar,India,705293,1
939439736056,1,Eta,Omisha,Tailor,leela25@example.org,3611857868,2106667076,1972-03-28,2,"H.No. 844, Yadav Nagar",Siliguri,Madhya Pradesh,India,279195,1
912845844817,1,Peter,Ishaan,Rajan,xavierpandit@example.net,2784088989,2840991851,1992-03-23,1,"08/75
Lall Road",Nanded,Himachal Pradesh,India,088658,1
314337633412,0,Abhimanyu,Isha,Shere,mahikabandi@example.net,1367075506,1207410795,2007-01-01,1,"49
Nadkarni Circle",Bhavnagar,Tamil Nadu,India,689848,1
547833810079,1,Zarna,Dakshesh,Tara,kadegayathri@example.org,3078125064,9769389374,1967-11-11,2,"670
Chacko Circle",Karimnagar,Kerala,India,983332,1
908220554708,1,Ranbir,Ronith,Patla,adar@example.net,4846220785,2315534457,1992-01-08,1,"258
Raju Street",Bhubaneswar,Jharkhand,India,121738,1
925249220260,1,Yamini,Dakshesh,Kunda,kalawahab@example.org,0336641233,5062402294,1989-10-24,2,"63/26, Sood",Raipur,Meghalaya,India,588403,1
166948661229,1,Ojasvi,Kevin,Krishnamurthy,adeo@example.net,1735025211,0894974994,1977-02-27,2,"26/77
Lad Zila",Tezpur,Maharashtra,India,444342,1
783596657811,0,Jatin,Krish,Gole,gadegarima@example.org,1623859799,1120922168,1967-12-03,1,"H.No. 568
Pillai Marg",Dewas,Gujarat,India,739872,1
282902681069,1,Girindra,Raksha,More,vasanasarkar@example.org,4036813663,1888863996,1966-10-21,1,"68
Bhardwaj",Mathura,Meghalaya,India,081213,1
886866599031,0,Banjeet,Girindra,Ben,gautamimann@example.net,8502990300,1439130233,1974-10-08,1,"H.No. 00, Goda Chowk",Alappuzha,Sikkim,India,002990,1
566873570368,1,Anirudh,Rajata,Varma,dadachavvi@example.com,6825142509,3965762058,2006-07-19,1,"38/069, Shankar",Anantapuram,Mizoram,India,422409,1
994944378547,1,Harrison,Ikshita,Savant,salviwahab@example.com,1578649009,5082106377,1990-11-12,1,"07/27, Kaur Street",Rajkot,West Bengal,India,394960,1
964720166522,0,Lakshit,Devansh,Dash,akant@example.org,3964020032,3856477923,1963-01-24,1,"H.No. 319, Munshi Path",Jehanabad,Odisha,India,866402,1
202526882870,1,Rudra,Maanav,Kala,sandalchaman@example.com,0955438909,6193268840,1986-05-08,1,"535
Dasgupta Road",Udaipur,Haryana,India,299653,1
632284398568,1,Alexander,Chakradhar,Aurora,ikala@example.org,7054709264,7053095421,1978-03-26,1,"60, Rege",Kolkata,Punjab,India,229545,1
757608185326,1,Nisha,Dayamai,Aggarwal,bedisaksham@example.org,4677638092,6215966082,1976-03-09,2,"64/45, Varghese Street",Jehanabad,Nagaland,India,669290,1
368148708081,0,Gaurav,Lohit,Kala,naurora@example.org,6697200689,4048467058,1973-12-24,1,"37
Garg Road",Bally,West Bengal,India,418425,1
795568104997,0,Hardik,Alexander,Kannan,zilmilboase@example.net,0311991846,3019245363,1996-12-30,1,"99
Naik Ganj",Secunderabad,Chhattisgarh,India,827620,1
589631111021,1,Aachal,Damini,Shah,dhrititripathi@example.net,9777158514,5527670163,1971-11-17,2,"H.No. 03, Ramakrishnan Zila",Sikar,Haryana,India,406174,1
871513960355,0,Ridhi,Ladli,Sani,dpandey@example.org,7780903375,4367774763,1989-09-01,2,"59/486
Murty Marg",Giridih,Kerala,India,997024,1
193058484547,0,Qushi,Ethan,Tailor,hsaxena@example.com,2872944148,9805059087,1997-11-06,2,"H.No. 50
Tailor Circle",Parbhani,Himachal Pradesh,India,345821,1
306441332235,1,Simon,Anya,Palla,agulati@example.org,9350562362,4724148545,1979-09-01,1,"46/299
Yohannan Zila",Dehradun,Haryana,India,765497,1
780837763654,1,Lajita,Tripti,Mohan,savantwarjas@example.org,5395495645,5078276998,1978-03-06,2,"H.No. 961, Chandra Zila",Tirupati,Madhya Pradesh,India,948666,1
780960203682,1,Eta,Upasna,Sidhu,ekapadbhasin@example.net,7293825381,6831284841,1971-07-20,2,"55/40
Karnik Circle",Jaipur,Andhra Pradesh,India,416874,1
134544606438,0,Zayan,Faris,Soni,indrajitbose@example.net,7439794590,3577389448,1986-09-27,1,"H.No. 41, Kata Path",Shimoga,Odisha,India,624878,1
159844212720,0,Yachana,Finn,Balasubramanian,baradabha@example.net,0690658872,8695226799,1976-05-29,2,"934
Toor",Anantapur,Andhra Pradesh,India,582876,1
675289747638,1,Kabir,Pavani,Saha,bhavini00@example.org,2971674289,1855103002,1971-02-17,1,"H.No. 847, Sankar",Kurnool,Tripura,India,215653,1
530121692976,0,Meghana,Pavani,Bhattacharyya,kmitter@example.com,3734709529,6231070382,1982-03-26,2,"H.No. 44
Das Nagar",Nandyal,Tripura,India,347986,1
291316494027,1,Darsh,Yasti,Sachar,ati24@example.net,6889851013,0995808576,1973-07-01,1,"75/611
Basak Street",Thiruvananthapuram,Gujarat,India,162684,1
500061779006,0,Nathaniel,Abhiram,Balan,karidevika@example.org,9412591860,3801075437,1985-02-06,1,"56/400
Tata Nagar",Korba,Sikkim,India,995269,1
456937559437,1,Vidhi,Lekha,Merchant,cjain@example.net,0730543750,6625403948,1988-06-12,2,"H.No. 595
Om Zila",Ichalkaranji,Sikkim,India,241527,1
285352770404,1,Yahvi,Jagvi,Andra,rcherian@example.net,2021696081,3571473892,1963-04-14,2,"98, Palan Road",Gorakhpur,Haryana,India,547905,1
280829569918,1,Xiti,Udant,Wason,vinaya04@example.net,8536150420,5954993156,1978-07-03,2,"H.No. 987
Agate",Loni,Kerala,India,960230,1
149258214434,1,Victor,Barkha,Doshi,murtyyachana@example.org,3610085733,3142261956,1967-12-23,1,"08, Morar Chowk",Nashik,Andhra Pradesh,India,628488,1
207257698822,0,Qabil,Daksh,Wason,gandhiurmi@example.org,3824400302,9594182190,2008-06-26,1,"H.No. 446, Srinivasan Circle",Dindigul,Himachal Pradesh,India,692922,1
681346502243,1,Triya,Xalak,Yohannan,frederick43@example.com,6686377406,9676431641,2006-04-14,2,"70/831, Iyengar Zila",Bokaro,Madhya Pradesh,India,034562,1
943295600843,1,Thomas,Daniel,Bassi,xhans@example.org,6523371951,4571167673,1973-08-26,1,"678, Lad Zila",Hospet,Telangana,India,766152,1
543374925839,0,Jalsa,Sara,Wable,dkeer@example.net,2229359684,9539098521,2005-07-01,2,"H.No. 74, Ranganathan Chowk",Tiruppur,Uttar Pradesh,India,451401,1
552900595308,1,Arunima,Mohammed,Hari,galaleela@example.net,3739645856,9111768657,1989-11-03,2,"23/52
Malhotra Street",Saharanpur,Chhattisgarh,India,082387,1
111986986513,0,Patrick,Ayush,Bera,libnikhalsa@example.net,3697145200,5751528202,1987-12-12,1,"H.No. 15
Bava Nagar",Katihar,Kerala,India,747780,1
526557295971,0,Ekiya,Ishaan,Muni,garima12@example.org,5618228937,4261397488,1981-10-01,2,"18/456
Bhakta Road",Tumkur,Gujarat,India,212655,1
208310636504,0,Ubika,Utkarsh,Madan,triveni92@example.com,3098178280,8242113400,1979-01-12,2,"68/958
Rai Circle",Aligarh,Sikkim,India,657750,1
872658129289,0,Zayan,Girindra,Datta,bassionkar@example.com,0714665286,6922076707,1976-05-21,1,"029, Hora Zila",Raipur,Andhra Pradesh,India,041996,1
318605045184,0,Abha,Pavani,Prabhu,abhadugal@example.com,2497279457,8931158517,1995-06-03,2,"00
Gill Ganj",Varanasi,Telangana,India,741639,1
528350506368,0,Irya,Yash,Divan,madhavbalasubramanian@example.org,2316842381,3354567135,1983-09-10,2,"448, Parmar Path",Danapur,Madhya Pradesh,India,293827,1
829281003772,0,Jyoti,Jagrati,Mohanty,latadaniel@example.com,1604890005,4548146216,1980-03-17,2,"H.No. 37, Saran Street",Bhopal,Goa,India,693863,1
273563299392,0,Girik,Arya,Deol,mohinibrar@example.net,5769614642,3859074993,1965-03-11,1,"89, Pradhan Ganj",Tiruvottiyur,Tripura,India,793971,1
661633474003,0,Ishani,Lipika,Sibal,charvimani@example.org,1616872147,6406030348,2005-03-28,2,"53/132
Mahajan",Kanpur,Chhattisgarh,India,390662,1
370876636866,1,Bhavani,Abha,Bail,sachi32@example.org,3737277199,7141696961,2004-02-29,2,"88, Chada Zila",Amravati,Tamil Nadu,India,100035,1
492700067216,1,Frado,Anthony,Raghavan,robertmadan@example.net,4171004486,2617518595,2000-11-16,1,"H.No. 27, Kumar Street",Aligarh,Assam,India,555432,1
362745401786,1,Netra,Upadhriti,Subramanian,upmabala@example.net,7583869989,6304424450,1967-01-14,2,"73
Tiwari Marg",Eluru,Nagaland,India,769247,1
876251886440,1,Nicholas,Anirudh,Srinivasan,aarush48@example.org,7062681148,1019254078,1997-10-04,1,"960, Sangha Street",Bareilly,Meghalaya,India,424109,1
394174110953,1,Faqid,Lohit,Pillay,keerikshita@example.org,4006669136,1644030315,1972-01-08,1,"H.No. 606, Sama Circle",Vijayawada,Gujarat,India,312986,1
329467724263,1,Sara,Arin,Savant,agarwalchaitaly@example.org,0132448551,8765356716,1969-12-26,2,"35/685
Konda",Kamarhati,Odisha,India,592056,1
858679542649,0,Pranav,Ekapad,Mohanty,champaksaha@example.com,5753980229,1881680230,1985-05-03,1,"H.No. 891
Ahuja",Malda,Manipur,India,962301,1
372459706593,0,Tarak,Sathvik,Agarwal,munshinimrat@example.net,8528070293,2785958036,1992-06-13,1,"52
Naik Circle",Kirari Suleman Nagar,Karnataka,India,582053,1
213265559733,0,Vritti,Naksh,Karnik,tdara@example.com,7057413156,8657213192,2007-09-28,2,"H.No. 88
Varkey Path",Bhavnagar,Rajasthan,India,215332,1
296942670247,1,Nidra,Girish,Wadhwa,tmahal@example.net,0011817253,9963822536,1989-10-24,2,"H.No. 93
Thakkar Path",Tumkur,Uttarakhand,India,486429,1
858105061827,0,Bhavna,Kala,Rama,sawhneyekaja@example.com,9644289644,1414356301,2008-05-24,2,"23/12
Nath Marg",Ballia,Odisha,India,233951,1
147343878675,1,Kala,Devika,D’Alia,indrajitloyal@example.com,0431028718,6648478206,1984-07-25,2,"90/53
Bahl Path",Guntakal,Mizoram,India,637800,1
243085141932,0,Jai,Rajata,Gala,devsane@example.org,7596545338,1040000427,1985-08-23,1,"H.No. 61
Shan Nagar",Bareilly,Sikkim,India,519285,1
951666227464,1,Pahal,Yatan,Vyas,harrison00@example.net,6993566991,8013868552,2006-04-13,2,"H.No. 40, Das Street",Vasai-Virar,Mizoram,India,340935,1
150688222542,0,Adweta,Chatresh,Krishna,ekaraj95@example.com,9450719541,7582390213,1966-05-15,2,"64/82, Mohanty Path",Junagadh,Rajasthan,India,902315,1
662319689991,0,Bishakha,Gaurangi,Acharya,urmi72@example.net,0719258515,3341993061,1975-01-05,2,"39, Thaker Ganj",North Dumdum,Telangana,India,345217,1
915300348588,1,Jatin,Ranbir,Balakrishnan,zaitra86@example.org,8034963080,1397590110,1967-04-14,1,"72/64
Dhawan Road",Nadiad,Madhya Pradesh,India,366014,1
457727273803,0,Vinaya,Aarush,Koshy,malhotratimothy@example.net,4236266270,9874558131,2006-08-17,2,"60/975, Narula Circle",Khora ,Andhra Pradesh,India,000280,1
364831999960,1,Dhriti,Megha,Saini,rishiseshadri@example.com,9692519120,3450235308,1970-11-11,2,"096
Dube Zila",Bongaigaon,Arunachal Pradesh,India,026204,1
728135395334,0,Yashoda,Zinal,Goda,dubebhavya@example.org,7018328573,3225976102,2000-01-27,2,"15/40
Agrawal Zila",Giridih,Telangana,India,613660,1
940757531136,1,Harshil,Devika,Kumer,choudharywilliam@example.org,4699650275,1305880056,1996-05-02,1,"96/11, Jaggi Chowk",Mangalore,Karnataka,India,018815,1
384052250347,1,Faraj,Krish,Morar,noah35@example.net,1735132379,6151737308,1973-04-19,1,"H.No. 254, Dewan Street",Dharmavaram,Nagaland,India,618134,1
590967697059,0,Azad,Ojas,De,basakjagvi@example.net,8823630547,6851733705,1978-04-13,1,"46/56, Krish Road",Buxar,Jharkhand,India,744058,1
525630770037,0,Rohan,Jai,Chada,natarajanchakrika@example.net,9097516056,7881336042,2001-02-03,1,"H.No. 177, Kapoor Ganj",Silchar,Mizoram,India,493410,1
503007391641,1,Tanveer,Zaid,Viswanathan,munshielijah@example.com,5978760236,3365492595,2002-02-26,1,"H.No. 321
Sinha Marg",Bhavnagar,Rajasthan,India,804946,1
642154220925,0,Anika,Aditya,Gole,veerguha@example.net,4719433414,5242395243,1991-08-22,2,"46/395
Wali Path",Tiruppur,Chhattisgarh,India,782013,1
860559789973,0,Chasmum,Rachit,Sastry,rudra71@example.org,1553745824,6352809661,1993-01-23,2,"H.No. 336, Taneja Marg",Bokaro,Uttar Pradesh,India,968374,1
994302449952,0,Manya,Udant,Karpe,rayaan15@example.com,1885779730,2503193921,1962-03-11,2,"52/655
Dayal Circle",Ratlam,Rajasthan,India,354156,1
238027491437,0,Janaki,Elijah,Sampath,mitalchristopher@example.com,1419452652,5523322741,1990-12-02,2,"348, Kota Circle",Bhiwandi,Himachal Pradesh,India,867041,1
579449251552,1,Simon,Lakshit,Kar,mkar@example.com,7060102418,1769545262,1986-10-20,1,"93/60, Kari Street",Mahbubnagar,Himachal Pradesh,India,412750,1
541648317974,0,Hredhaan,Unnati,Gill,damyanti06@example.net,0148799776,4731376950,1985-09-10,1,"85
Kara Chowk",Kolhapur,Himachal Pradesh,India,591851,1
644110906578,1,Netra,Darsh,Ahluwalia,lukesagar@example.net,8704777288,8081931764,1974-01-10,2,"80/613
Krishnamurthy Circle",Baranagar,Uttar Pradesh,India,287377,1
426251718118,1,Amrita,Faraj,Garg,fgarg@example.com,6180822057,9357903633,1963-12-11,2,"578, Chada",Kochi,Punjab,India,917359,1
579270528599,1,Hredhaan,Chameli,Pandit,vivaansolanki@example.org,2884433544,8951543798,1971-10-04,1,"97, Nayak Chowk",Tirupati,Tamil Nadu,India,261691,1
869628540303,1,Omya,Ojasvi,Kale,psodhi@example.org,2394884563,9123222339,1996-08-25,2,"H.No. 20
Pal Nagar",Hapur,Nagaland,India,866406,1
781286663144,0,Gautami,Neelima,Mandal,veer71@example.org,4773278127,1413076169,1988-07-06,2,"H.No. 850, Narula Street",Tadipatri,Jharkhand,India,950667,1
462295205038,1,Vedant,Nathan,Ahuja,imaran36@example.net,5399066976,8281412483,1990-06-30,1,"63/853, Dara Road",Patiala,Jharkhand,India,019024,1
481661029599,0,Eesha,Faras,Raj,kgoswami@example.org,7291809697,0720198597,1996-11-30,2,"H.No. 37
Hayer Nagar",Bhusawal,Tripura,India,208572,1
602126636003,0,Mitesh,Kalpit,Badami,guhazashil@example.com,3078950655,3055325784,1972-12-09,1,"H.No. 248, Behl Path",Tirupati,Mizoram,India,285963,1
539721079847,0,Charvi,Yashoda,Mukherjee,avi28@example.org,6478236484,3356875574,1973-08-19,2,"H.No. 07
Divan Path",Shahjahanpur,Maharashtra,India,097170,1
919350494440,0,Charvi,Manbir,Lall,hredhaan66@example.com,5721415358,9355425219,1982-10-09,2,"65/145
Wason",Tiruvottiyur,Maharashtra,India,856193,1
416671475739,1,Falan,Ekapad,Nanda,chakrika78@example.com,0966918780,9200195787,1983-12-13,1,"33, Sandhu Road",Kozhikode,Assam,India,655636,1
715805596142,1,Urmi,Isaiah,Badal,esrinivas@example.org,5546198585,0803735580,1982-03-18,2,"32/240, Borra Ganj",Kota,Andhra Pradesh,India,337698,1
544879424591,1,Harita,Sanya,Luthra,bailchavvi@example.net,3408442449,6383391141,2008-06-18,2,"87/481, Kalita Zila",Bhilai,Odisha,India,081980,1
398547400793,0,Bahadurjit,Chandani,Kakar,upmasaran@example.com,4039662659,7629524217,1994-02-06,1,"79/127
Kar Ganj",Sasaram,Haryana,India,718530,1
820425432312,0,Ridhi,Zilmil,Loyal,azaankhanna@example.org,4256917224,8635875628,1967-02-11,2,"100
Raval",Kanpur,Assam,India,249288,1
685028789605,1,Priya,Fitan,Doctor,peter62@example.com,7808235191,2246665347,1964-05-22,2,"587
Maharaj Street",Ulhasnagar,Rajasthan,India,085882,1
460660003774,0,Chandran,Inaya,Borah,samrafalan@example.org,2619995162,3785217968,2002-02-24,1,"75/06
Mand Chowk",Faridabad,Andhra Pradesh,India,390919,1
268456534400,0,Ishita,Yatin,Aggarwal,kgour@example.net,0804919338,5062035713,1974-08-25,2,"H.No. 26
Balasubramanian Nagar",Davanagere,Madhya Pradesh,India,898182,1
854074440859,0,Chandani,Mahika,Vohra,lmalhotra@example.net,6801079256,4170918871,1966-01-16,2,"38/628
Dhar Zila",Chittoor,Tripura,India,098976,1
570453304690,0,Vihaan,Jai,Shere,nagymatthew@example.net,1426648750,0448723909,1977-05-02,1,"229, Apte Circle",Unnao,Jharkhand,India,853110,1
149698754447,0,Dhriti,Warjas,Raja,samar68@example.org,2983486482,4051712807,1993-11-29,2,"87/61
Tak Marg",Shimla,West Bengal,India,313579,1
369784070340,0,Lakshit,Upkaar,Chakraborty,indrajitvenkataraman@example.com,5164298488,8559369711,1979-04-26,1,"H.No. 59, D’Alia Path",Begusarai,Andhra Pradesh,India,990913,1
240245024839,0,Balendra,Upkaar,Thakkar,borramax@example.com,6169769780,8676481001,1969-06-14,1,"H.No. 752, Karnik Circle",Unnao,Tripura,India,616341,1
440794044176,0,Bina,Maya,Bora,jainmanan@example.org,9460884434,9972748730,2006-07-08,2,"39
Bala",Mango,Meghalaya,India,716328,1
573422655892,1,Pahal,Hitesh,Balay,fbadami@example.com,6228990148,2304570669,1977-07-28,2,"H.No. 354
Samra Nagar",Tumkur,Sikkim,India,641282,1
552713137719,1,Ethan,Azaan,Narasimhan,salvichandran@example.net,0955408319,0003171720,1964-09-16,1,"46
Varty Path",Bahraich,Sikkim,India,452493,1
838996168599,0,Neel,Yauvani,Sodhi,vihaan48@example.net,8965946417,7861137376,1974-01-23,1,"01, Samra Ganj",Raiganj,Manipur,India,735957,1
413876949745,0,Pranit,Radha,Dixit,bhavyagoel@example.net,6308452054,4966223382,1992-02-18,1,"86/75
Batra Ganj",Ozhukarai,Jharkhand,India,139043,1
435137899605,0,Gaurangi,Shaurya,Naik,manthanbarad@example.com,9692840475,9375868678,2005-06-26,2,"99
Borah Marg",Barasat,Tamil Nadu,India,552258,1
196070339548,0,Falan,Matthew,Gopal,wrideshkaul@example.org,4312790363,5445419811,1986-04-16,1,"H.No. 520
Kunda Circle",Raebareli,Manipur,India,695753,1
534147677763,0,Rohan,Krishna,Kala,amaira88@example.net,2040285773,3152889145,1963-07-03,1,"H.No. 32
Kothari",Gudivada,Gujarat,India,858266,1
268566684288,0,Balvan,Fariq,Shroff,pradhanchakradhar@example.com,4705311648,1526855155,2008-02-04,1,"H.No. 52
Kanda Zila",Unnao,Chhattisgarh,India,537516,1
702050077538,1,Henry,Neelima,Dube,saumyawali@example.net,4477380547,3102499307,1998-08-31,1,"H.No. 19, Pingle Chowk",Jalna,Bihar,India,661233,1
367540618614,1,Tanveer,Bahadurjit,Sachdeva,skothari@example.net,6965637144,5055707420,1979-04-08,1,"363
Narayan Road",Haldia,Kerala,India,246113,1
489518604197,0,Ayaan,Balvan,Prasad,alexanderradhakrishnan@example.com,3406972801,2126782350,1967-03-24,1,"H.No. 998
Bakshi Nagar",Akola,Odisha,India,879296,1
875164773299,0,Ishanvi,Matthew,Muni,rajuhenry@example.org,3720004336,7017945002,1974-02-19,2,"657
Sandhu Nagar",Patiala,Himachal Pradesh,India,335259,1
833619150212,0,Forum,Finn,Buch,bhavna89@example.com,1077622088,8853946456,2003-05-29,2,"69/611
Dasgupta Circle",Bongaigaon,Kerala,India,707340,1
738880389940,1,Yashodhara,Luke,Nagy,pahal54@example.com,3961998943,5566140412,1973-09-14,2,"46/89
Wagle",Bharatpur,Andhra Pradesh,India,154659,1
904471600790,1,Peter,Udyati,Varma,choudhurydamini@example.org,2226721525,2805798444,2003-10-13,1,"H.No. 760
Dara Chowk",Madurai,Telangana,India,435883,1
303395341325,0,Wahab,Jatin,Merchant,karanchokshi@example.org,0629796942,8507910515,1995-10-06,1,"06
Rege Marg",Gopalpur,Punjab,India,937401,1
698334009553,1,Hemal,Jeet,Acharya,bhavya32@example.com,9620667212,1239821204,1975-04-14,2,"72/10
Mander Nagar",Kirari Suleman Nagar,Karnataka,India,735536,1
158862641814,1,Yauvani,Peter,Kakar,ssaini@example.net,4369669560,9352011321,1981-10-29,2,"H.No. 633
Mitra Zila",Ratlam,Madhya Pradesh,India,982211,1
814923449747,0,Ladli,Urvi,Gandhi,pdara@example.org,6735482179,5708807396,2001-04-23,2,"76/23
Rama",Ichalkaranji,Odisha,India,093926,1
695873282324,0,Sanya,Advaith,Grewal,omajakrishnamurthy@example.net,1242406516,6667176742,1963-05-25,2,"H.No. 979
Loke Zila",Bhatpara,Tripura,India,733227,1
393602858564,0,Luke,Advaith,Arora,jhaveriwaida@example.com,4546532565,0316735631,1990-07-12,1,"H.No. 576, Borah Ganj",Satara,Mizoram,India,274744,1
428661710987,0,Kevin,Kalpit,Iyengar,rchar@example.com,4143105835,9849626186,1974-01-06,1,"H.No. 64, Date Marg",Bongaigaon,Andhra Pradesh,India,587730,1
626999946410,0,Chakradev,Zansi,Butala,hiyer@example.org,7223745850,3112397867,2004-11-13,1,"174
Yadav Path",Gaya,Odisha,India,428374,1
369776353280,0,Avi,Lucky,Toor,caleb99@example.com,3336878685,1180036542,1974-06-05,1,"57/40
Nagi Circle",Srinagar,Rajasthan,India,656501,1
895488531617,1,Finn,Kevin,Parekh,chandran83@example.net,8792273166,9357636937,1999-12-18,1,"H.No. 235
Bassi Zila",Thanjavur,Himachal Pradesh,India,642415,1
322459544177,1,Mahika,Advaith,Balakrishnan,devansuhani@example.com,2536929852,7637275368,1989-06-05,2,"49
Barad Chowk",Madurai,Himachal Pradesh,India,421574,1
852390282472,1,Hemal,Bhavani,Khalsa,warhi22@example.net,0274315164,4842088334,1983-10-27,2,"H.No. 162
Thaker Road",Kishanganj,Uttar Pradesh,India,054882,1
661312110022,0,Joshua,Jhalak,Gola,lallaranveer@example.com,5027602888,7767273928,1975-09-17,1,"14
Dhaliwal Marg",Kulti,Uttarakhand,India,133504,1
144055642648,1,Megha,Ria,Ramanathan,kamalasha@example.com,4071752090,2761179169,1984-10-23,2,"361
Nagi Nagar",Bijapur,Kerala,India,969412,1
687733484257,0,Lopa,Raagini,Sharaf,bimala79@example.net,5741159165,7103569153,2001-01-05,2,"H.No. 68, Sethi Street",Raipur,West Bengal,India,042586,1
303944279799,0,Jeremiah,Arjun,Dixit,xramesh@example.org,3082273584,8630422662,1984-12-12,1,"H.No. 603
Deol Chowk",Tadipatri,Mizoram,India,743058,1
834053570372,1,Hemal,Henry,Bhandari,jnayak@example.org,4040124190,1768330622,1992-12-05,2,"22
Sami Marg",Bhalswa Jahangir Pur,Bihar,India,592405,1
358812684782,0,Anika,Yatan,Koshy,maanavdevan@example.com,7685150609,2679632047,1994-07-10,2,"72/53
Dayal Ganj",Serampore,Bihar,India,157093,1
788622360363,0,Ekapad,Lucky,Wadhwa,reyanshmall@example.org,9206481653,2248270521,1999-02-01,1,"H.No. 27, Tripathi Road",Ujjain,Goa,India,490521,1
328413338063,0,Vasana,Nimrat,Dutt,lukeraman@example.com,2564112841,3296447899,1995-01-14,2,"03/110
Shankar Chowk",Akola,Jharkhand,India,084727,1
607466062592,1,Nimrat,Reva,Barman,vsastry@example.org,7302155501,6175061972,1990-11-18,2,"91/303, Johal Path",Indore,West Bengal,India,673306,1
285922386104,0,Gabriel,Warjas,Aggarwal,darpan53@example.net,4569854144,0147822891,1970-02-15,1,"38/99, Deshmukh Chowk",Gulbarga,Haryana,India,403762,1
426252740566,1,George,Hemani,Bhatt,harshilratti@example.org,2986899639,1735592620,1977-03-24,1,"H.No. 64
Chatterjee Circle",Proddatur,Himachal Pradesh,India,614026,1
591138458268,0,Jason,Vasudha,Radhakrishnan,vasatikalanka@example.org,0058565083,0097172934,2002-10-08,1,"69, Kumar Circle",Bhagalpur,Manipur,India,257714,1
155543117405,0,Priya,Omaja,Mani,upkaarchauhan@example.com,0481522100,8164726016,1998-10-04,2,"H.No. 84
Raj Chowk",Dhule,Madhya Pradesh,India,672328,1
165223416442,0,Baljiwan,Zansi,Chad,surilaksh@example.org,9480386529,9944123330,1982-03-29,1,"417, Patla Chowk",Latur,Odisha,India,490868,1
209103121635,0,Tara,Jagvi,Sastry,magarzansi@example.net,6171600692,8215372172,1999-01-24,2,"H.No. 39
Sundaram Zila",Panchkula,Tripura,India,699517,1
351656333566,0,Warinder,Nisha,Gopal,cramakrishnan@example.net,9224205526,8802593089,1966-11-24,1,"H.No. 357
Sen Chowk",Sambalpur,Nagaland,India,602930,1
812085102060,1,Nidhi,Liam,Goyal,ydeol@example.com,5745447791,1370462097,1986-09-09,2,"48
Mistry Zila",Bikaner,Telangana,India,737168,1
312977301921,0,Yatin,Zaid,Venkatesh,riadass@example.org,1873448020,7165267477,2005-12-01,1,"H.No. 02
Saha Nagar",Raiganj,Uttar Pradesh,India,900875,1
720562972320,0,Yagnesh,Inaya,Din,jasmitmahajan@example.org,6960727761,1097283491,1971-05-04,1,"99, Manda",Nagercoil,West Bengal,India,658201,1
839479239670,0,Wishi,Amol,Pall,abhiramraja@example.net,1562643680,3454719401,1997-01-18,2,"H.No. 122, Ravi Road",Tinsukia,Uttar Pradesh,India,535506,1
961249079068,1,Banjeet,Darika,Gopal,doshipanini@example.org,1017484971,7109090371,1985-11-15,1,"91, Sampath Road",Rajkot,Tripura,India,611946,1
314379059037,0,Arunima,Naveen,Narayan,ngopal@example.com,5452861590,1066342820,1984-06-02,2,"H.No. 858, Shere",Ulhasnagar,Assam,India,287512,1
264713464554,0,Yug,Ganga,Baral,gautamdugal@example.org,4816034255,5819451630,1964-05-21,1,"H.No. 79, Vora Marg",Jorhat,Jharkhand,India,722525,1
611610983805,0,Ekanta,Ayushman,Kar,jagratibaria@example.org,1598359424,5892905125,1994-07-13,2,"94/21, Oza Ganj",Ahmednagar,Haryana,India,229088,1
651015152536,0,Dayita,Ranveer,Warrior,behladweta@example.org,8246362411,2273850712,1961-12-15,2,"05/06, Koshy Marg",Thane,Tamil Nadu,India,214930,1
122916252892,0,Ria,Yashasvi,Korpal,bariaisaac@example.org,5247783145,4770283299,1988-01-08,2,"H.No. 316, Walla Ganj",Mahbubnagar,Tamil Nadu,India,548601,1
508565346756,0,Ojasvi,Naveen,Kota,basunihal@example.org,8471472526,7445451282,1992-04-10,2,"98
Ramesh Nagar",Tiruvottiyur,Karnataka,India,390393,1
113853216365,1,Divya,Ekta,Pandit,hvohra@example.net,9463512575,9717531405,1988-07-21,2,"60, Bhavsar Street",Bulandshahr,Madhya Pradesh,India,527363,1
745531868799,1,Manbir,Ekanta,Devi,dbansal@example.net,4168316536,8039716726,2006-05-08,1,"07/12
Verma Street",Kolhapur,Maharashtra,India,900063,1
556074968396,0,Samar,Vamakshi,Padmanabhan,abasak@example.org,1256173401,1681331305,2003-07-03,1,"026, Brahmbhatt Marg",Visakhapatnam,Tamil Nadu,India,988245,1
247004211120,0,Mahika,Devika,Viswanathan,kadeekavir@example.com,3234299526,0477468674,1997-04-27,2,"H.No. 24, Mahajan Street",Lucknow,Arunachal Pradesh,India,923193,1
414360844076,1,Mahika,Neha,Basu,ramanathanaashi@example.com,0556571839,6825282850,1983-08-24,2,"29/92, Bajaj Path",Rajkot,Tamil Nadu,India,130428,1
476860272792,0,Chaitanya,Michael,Uppal,urvi41@example.net,9197209574,7203063138,1984-11-22,1,"295
Kapoor Nagar",Unnao,Himachal Pradesh,India,474298,1
978118148267,1,Frederick,Eiravati,Mander,ayushmanoommen@example.com,6737681295,7568707693,1999-01-28,1,"38/69
Dasgupta Road",Saharanpur,Tamil Nadu,India,868482,1
702841488229,1,Sanaya,Dipta,Vyas,davidpant@example.com,6948052568,0918712252,2007-05-02,2,"64, Gopal Street",Bidhannagar,Bihar,India,842338,1
378052975984,1,Charvi,Michael,Dewan,bhaktaaayush@example.com,8528497298,1411897816,1968-04-25,2,"72
Dani Street",Shahjahanpur,Rajasthan,India,564043,1
519305429303,1,Daksh,Bishakha,Ghose,anay42@example.com,6921623755,1843571366,1969-01-01,1,"39/073, Nayak Road",Tenali,Nagaland,India,906255,1
178067645538,0,Aahana,Aadhya,Kannan,ljani@example.com,1065975042,8278661017,1997-10-19,2,"H.No. 106
Hari Ganj",Cuttack,Nagaland,India,639821,1
406428796200,0,Rachita,Shravya,Kurian,nidrajayaraman@example.com,3141499699,0109778953,1997-07-27,2,"H.No. 88
Kibe Road",Kishanganj,Gujarat,India,191698,1
409608057068,1,Ishanvi,Fariq,Gera,pradhantanmayi@example.com,4897981148,8240932659,2006-08-17,2,"H.No. 860, Raj Ganj",Bhubaneswar,Kerala,India,346936,1
756989842536,1,Tristan,Anika,Jayaraman,isaac16@example.com,3151549605,2691773991,1968-12-27,1,"09, Thaker Ganj",Tirupati,Nagaland,India,602430,1
498657001137,1,Shivansh,Kiaan,Singhal,chaitanya23@example.net,4366964469,7152586059,1971-03-29,1,"757, Sunder Marg",Srikakulam,Uttarakhand,India,527659,1
853547032431,1,Geetika,Ekanta,Ghosh,ychaudhry@example.com,3828268135,3081763174,1982-07-30,2,"42/246, Nadig Street",Giridih,West Bengal,India,172233,1
611974930456,1,Shivansh,Michael,Kurian,oscar80@example.com,7453585354,2698901988,1972-07-19,1,"H.No. 32, Divan",Aurangabad,Assam,India,135272,1
880628616999,1,Dayamai,Samaksh,Sachdev,madhav15@example.net,9093645573,2984165774,1967-11-19,2,"H.No. 663
Saran Marg",Buxar,Manipur,India,904104,1
928615273340,1,Warinder,Devansh,Dugar,frederickthaker@example.com,0600996958,5811950731,1973-05-17,1,"72/08, Thakkar",Bharatpur,Uttar Pradesh,India,963324,1
853225976240,1,Yutika,Januja,Khurana,bachittar05@example.net,4825747002,2252118398,1979-12-29,2,"90/697, Padmanabhan Ganj",Cuttack,Meghalaya,India,602076,1
233478683461,1,Vansha,Indali,Jani,kalarajeshri@example.net,0656230508,1547952622,1962-08-29,2,"73/030
Nadkarni Zila",Mehsana,Karnataka,India,364516,1
539389269895,1,Tanvi,Pratyush,Dixit,rudrabasu@example.net,8031596946,1411426706,1976-06-01,2,"302, Gala Nagar",Khandwa,Tamil Nadu,India,230079,1
681663744737,0,Bhavna,Benjamin,Dutta,jprasad@example.org,9909758584,8796890971,1968-08-22,2,"805, Doctor Street",Nadiad,Odisha,India,430151,1
765888519848,1,Ira,Bhavini,Mangat,hsoni@example.org,5506531550,2320455520,1979-09-26,2,"99/19
Varma Nagar",Tirunelveli,Madhya Pradesh,India,578181,1
355846035047,0,Jonathan,Rushil,Om,lakshmi15@example.com,2991296206,6387631264,1964-09-09,1,"H.No. 84, Khanna Zila",Jamnagar,Assam,India,845281,1
985027606109,0,Unni,Aradhana,Natt,dayamaithaker@example.org,7527811682,3900396793,1992-03-19,2,"H.No. 169, Bhatia Zila",Jaipur,Chhattisgarh,India,717183,1
705366217741,0,Pahal,Gopal,Madan,harita24@example.com,1543847258,0564658945,1968-03-19,2,"54, Swamy Path",Rajahmundry,Himachal Pradesh,India,294542,1
413840189360,1,Imaran,Isaiah,Golla,tailornandini@example.org,8335931152,9951905173,1986-02-24,1,"H.No. 306
Singhal Ganj",Chandrapur,Bihar,India,874343,1
306918131883,1,Ekansh,Hiral,Munshi,khalsaom@example.net,9756512713,8754642522,1980-09-11,1,"240
Sarin",Faridabad,Sikkim,India,800525,1
692282032276,1,Noah,Ekbal,Gandhi,jeevikadara@example.com,2119855784,8747820665,1976-12-09,1,"H.No. 845, Chatterjee Road",Erode,Manipur,India,762537,1
947250086514,0,Shivani,Atharv,Prakash,sherewriddhish@example.net,8872040904,5925278634,2004-07-08,2,"730, Kamdar Street",Srikakulam,Maharashtra,India,975954,1
271875622389,1,Ekaraj,Dalbir,Dar,apathak@example.net,4529134420,5779032277,1984-06-29,1,"H.No. 41, Bhatia Circle",Bhusawal,Bihar,India,703324,1
939060184737,1,Tara,Deepa,Hegde,dsengupta@example.com,7624919032,8690910516,1975-07-11,2,"89/11, Bandi Road",Gurgaon,Bihar,India,939076,1
451272804457,1,Finn,Bachittar,Sarraf,tarakeer@example.com,9556710097,2025688721,1967-02-12,1,"85/008, Misra Nagar",Sambalpur,Manipur,India,249427,1
325920193045,0,Orinder,Ekaraj,Bobal,vasatikachoudhary@example.net,3101030731,3377156642,1974-06-09,1,"59/880, Prashad Road",Ranchi,Bihar,India,360098,1
473679609155,1,Adweta,Jackson,Kota,zaitra11@example.com,6429954931,7719115305,1963-03-21,2,"20/67
Joshi Path",Bhusawal,Tripura,India,138128,1
825801673702,0,Widisha,Alka,Iyengar,hariniraval@example.com,5175934015,8107307579,1999-04-16,2,"49/946
Butala Marg",Bhiwandi,West Bengal,India,263480,1
659987899155,0,Ijaya,Ayaan,Rege,azaan84@example.net,6478634024,9755876538,1995-10-09,2,"580, Gara Road",Tirupati,Bihar,India,824289,1
931359201588,1,Tanay,Ekbal,Varughese,darpan61@example.org,3078064916,8540477924,1969-12-07,1,"12
Rattan Nagar",Malda,Mizoram,India,123034,1
756111745301,1,Ucchal,Raksha,Hari,wasonlogan@example.org,9691780534,7195839949,1998-01-23,2,"H.No. 423, Subramanian Nagar",Berhampore,Tamil Nadu,India,895240,1
371409774717,1,Qasim,Eesha,Nayar,jhalak90@example.org,5415485992,0583427080,1980-06-19,1,"23
Khurana Street",Ghaziabad,Kerala,India,797526,1
364548108702,0,Anthony,Nimrat,Rama,hpandit@example.com,2821733907,8052964776,1986-02-24,1,"80/838, Pandey Nagar",Katihar,Tripura,India,181991,1
576305763164,0,Meghana,Aarush,Khare,narangnaksh@example.net,9227284295,1808297468,1965-11-15,2,"802, Kunda Chowk",Siliguri,Sikkim,India,964326,1
295779768946,0,Jeet,Yatan,Vaidya,pantdamini@example.org,1732712838,6070804678,1980-07-25,1,"78/349, Rajan Path",Farrukhabad,Meghalaya,India,259491,1
909347317208,1,Vanya,Netra,Mistry,xalakshroff@example.net,3920046416,1400896768,1963-12-26,2,"660, Bandi Ganj",Purnia,Bihar,India,776874,1
855955110605,0,Gautam,Daksh,Mani,vivaanrama@example.com,3395171642,5402636515,1996-01-20,1,"75/85, Minhas Zila",Ghaziabad,Rajasthan,India,815877,1
246918530823,1,Girik,Saksham,Sura,okala@example.net,6866146154,8839875232,1963-12-21,1,"90/141, Gill Zila",Kadapa,Tamil Nadu,India,440950,1
693977607335,0,Eesha,Gayathri,Gopal,dalaja73@example.com,9873740539,4489982289,1975-07-26,2,"61, Dhingra",Sambalpur,Arunachal Pradesh,India,319825,1
324797019438,0,Dakshesh,Ekiya,Ramesh,nagarajanturvi@example.org,9345314344,9627122444,1985-03-16,1,"47
Narasimhan Zila",Begusarai,Bihar,India,822580,1
721305262915,1,Aahana,Krishna,Kuruvilla,balvan76@example.com,7433391346,0005088163,1997-07-16,2,"H.No. 138
Randhawa Road",Orai,Tripura,India,538090,1
571790517634,0,Yuvraj,Mohini,Ramakrishnan,dkumar@example.org,1221925662,3547416527,1966-12-01,1,"14, Chaudhry Chowk",Gaya,Tamil Nadu,India,336231,1
750433712450,1,Akshay,George,Mangal,meerabains@example.org,8649909154,4884202151,1971-10-17,1,"089
Dey Marg",Haridwar,Punjab,India,897394,1
664479012002,0,Wyatt,Omaja,Krish,zehaansaxena@example.org,3406768454,4842116710,1991-08-21,1,"871
Cherian Chowk",Tiruchirappalli,Punjab,India,175210,1
763812856310,1,Udyati,Chaitanya,Raj,pallavidalal@example.net,7950664101,4364166196,1963-08-17,2,"95/00
Sastry Marg",Haldia,Assam,India,646607,1
667393957964,1,Vivaan,Ranveer,Swamy,goswamimaanav@example.org,9322312507,1416256854,1962-05-18,1,"H.No. 92
Dave Path",Rourkela,Odisha,India,396082,1
302455250157,1,Parth,Widisha,Vyas,girindra44@example.com,2266910354,3250290848,1978-08-04,1,"61, Chander Circle",Kanpur,Himachal Pradesh,India,779047,1
803362042088,1,Gabriel,Ishita,Dewan,okade@example.org,0700737295,8692483786,1994-10-29,1,"09/513, Rai Road",Bokaro,Odisha,India,257080,1
678939937356,0,Krisha,Tanvi,Biswas,harshilbakshi@example.com,9143701154,4439193000,1986-01-26,2,"H.No. 226, Kashyap",Coimbatore,Odisha,India,598086,1
694246302683,0,Anvi,Lekha,Datta,owen90@example.org,8064356118,1963592205,1993-01-27,2,"H.No. 091
Dhaliwal Nagar",Begusarai,Jharkhand,India,828098,1
664889322751,1,Lucky,Ryan,Nair,ekbalratti@example.net,4177799623,0731853309,1972-06-12,1,"66/69, Modi Road",Bhusawal,Odisha,India,303990,1
622980562346,1,Dominic,Ronith,Gopal,ewagle@example.net,9880698898,3718886263,1983-01-12,1,"69, Sibal Chowk",Rajahmundry,Maharashtra,India,804056,1
877209587109,1,Mitesh,Dalaja,Basu,chanakyakanda@example.net,9289099276,8307815056,2002-10-25,1,"H.No. 62, Kari Circle",Maheshtala,Maharashtra,India,240801,1
921022717105,0,Idika,Girindra,Ramanathan,chakradharsahota@example.com,7065497052,7857465647,1961-10-23,2,"83/675, Taneja Marg",Ajmer,Gujarat,India,086534,1
844856875096,0,Devansh,Luke,Manda,anandavni@example.org,2993742822,9495210140,1969-05-14,1,"701, Mohan Nagar",Adoni,Telangana,India,136609,1
130618933962,1,Edhitha,Sai,Narayanan,ekavirmitra@example.net,7631653394,7803303223,1971-08-28,2,"481, Mistry Marg",Purnia,Odisha,India,055318,1
325612517330,1,Zayyan,Chatresh,Andra,nkhatri@example.com,4276603951,5622029552,1973-05-09,1,"H.No. 61, Doctor Ganj",Gaya,Manipur,India,412140,1
141361341804,0,David,Jonathan,Nayar,datelaksh@example.net,4710801555,9353734193,1986-07-28,1,"18
Sankar Ganj",Noida,Manipur,India,108087,1
557300126638,0,Hemani,Mohini,Gokhale,samaksh49@example.net,3324123354,6448325600,1969-01-22,2,"H.No. 101
Mand Street",Rampur,Punjab,India,331529,1
967927847253,0,Neelima,Samesh,Naik,fanne@example.org,8755506119,4094726356,1969-10-25,2,"58/59
Taneja Path",Phusro,Chhattisgarh,India,955820,1
975777584746,1,Aarini,Jyoti,Sehgal,oeshimohan@example.org,0616488474,3917814572,1993-05-24,2,"H.No. 945, Kapadia Marg",Haldia,West Bengal,India,030942,1
311683178702,1,Chakradhar,Ekani,Chatterjee,warjas73@example.com,5805340849,1048074533,1968-07-14,1,"H.No. 30
Merchant Marg",Silchar,Telangana,India,609737,1
284583271120,0,Jatin,Zansi,Narula,oshakannan@example.com,4930598516,1004454220,2007-07-25,1,"H.No. 989, Balasubramanian Zila",Kolkata,Tamil Nadu,India,188618,1
315313628803,1,Omaja,Abhimanyu,Sane,jonathansubramanian@example.com,4346200387,8057602364,1985-02-16,2,"H.No. 594
Oza Road",Purnia,Karnataka,India,276825,1
937142672186,0,Jason,Indira,Varkey,rohan45@example.com,4542447068,4433587310,2005-03-19,1,"75
Lall Road",Haldia,Meghalaya,India,995464,1
495002716713,0,Ekaraj,Vedant,Kuruvilla,gollafinn@example.net,5629492039,6573102866,1985-07-12,1,"H.No. 56
Gandhi Nagar",Sikar,Odisha,India,547134,1
243687328612,1,Nikita,Tarak,Tak,ekapadmurthy@example.net,6665083551,7846763286,1995-02-28,2,"92
Brahmbhatt Path",Guwahati,Uttarakhand,India,942735,1
986176787441,0,Radha,Yochana,Hari,chatterjeesamarth@example.net,2810061123,3614763083,1981-03-05,2,"H.No. 55
Mistry Street",Bareilly,Kerala,India,417878,1
428992788580,1,Pallavi,Varsha,Chatterjee,lsharaf@example.org,1678645585,0944146132,1988-10-25,2,"H.No. 17
More Path",Haldia,Arunachal Pradesh,India,583195,1
355553024840,1,Jeevika,Turvi,Bains,zinal05@example.net,6818479241,9670003771,2007-08-07,2,"13/34, Parekh Marg",Bellary,Assam,India,729695,1
797915172006,0,Udant,Xalak,Sami,salvimichael@example.org,3538321291,3244317011,1989-08-21,1,"88/40, Ray Marg",Mau,Gujarat,India,571430,1
965754648309,1,Yahvi,Gaurav,Kalita,srinivasanfarhan@example.org,3472201645,6244907089,2007-02-28,2,"74/907
Padmanabhan Chowk",Tirupati,Mizoram,India,057871,1
635261744839,0,Radha,Lakshit,Varghese,harshaggarwal@example.com,1370700165,9697517355,1988-08-18,2,"848, Devi Path",Hindupur,Telangana,India,501507,1
926957886040,1,Brinda,Jatin,Karan,nairfiyaz@example.com,6033525550,5674807214,1978-05-30,2,"715
Sarna Street",Surat,Telangana,India,075421,1
784755405319,0,Gabriel,Ishanvi,Mall,abduldeol@example.net,4743310389,5306561986,1978-06-21,1,"H.No. 341, Chandran Street",Gangtok,Kerala,India,323265,1
733570318864,1,Manan,Bishakha,Talwar,ikala@example.com,9797520745,8545390468,2003-11-29,1,"36/994, Mody Zila",Proddatur,Bihar,India,218179,1
209583363465,0,George,Jeevika,Bawa,baliikbal@example.com,4446381574,1900137948,1964-06-05,1,"49
Bava Ganj",Panvel,Nagaland,India,515121,1
583838960112,0,Tanish,Laksh,Parsa,joshironith@example.org,0689584093,2319478415,1999-09-25,1,"84/042
Taneja Nagar",Junagadh,Arunachal Pradesh,India,618155,1
673379487812,1,Frederick,Reyansh,Vaidya,berajeremiah@example.com,1600675924,5533823533,1993-02-17,1,"131, Garg",Muzaffarnagar,West Bengal,India,866868,1
657990940639,1,Madhav,Nimrat,Kohli,niharikahora@example.org,3858115172,4204616805,1975-07-28,1,"H.No. 04, Lad Chowk",Siliguri,Odisha,India,446724,1
358979659459,0,Abdul,Logan,Tank,falgunilalla@example.net,9048384956,1866664872,1982-02-27,1,"51/62
Garde Ganj",Durg,Uttar Pradesh,India,762591,1
631320361695,1,Vrinda,Jonathan,Ranganathan,prashadwatika@example.com,2239268853,1186226153,1979-02-13,2,"H.No. 32
Varty Path",Gandhidham,Sikkim,India,427479,1
442895695930,0,Dayamai,Arya,Singh,upadhriti16@example.org,7914637900,0435931467,1981-11-15,2,"H.No. 08, Sarraf Circle",Rewa,Maharashtra,India,632611,1
767646164693,0,Pranav,Sara,Subramaniam,triyasant@example.com,7390081502,0187393624,1963-04-09,1,"34/60, Lall",Bhilai,Himachal Pradesh,India,803332,1
954132159959,0,Harish,Harita,Virk,aryahredhaan@example.com,4613501289,5654607579,1995-10-01,1,"696
Biswas Path",Rohtak,Odisha,India,931694,1
869996128415,1,Amara,Onveer,Madan,guneet45@example.net,9318907898,3203797332,1973-10-11,2,"H.No. 41, Rao Road",Mysore,Arunachal Pradesh,India,424276,1
557237338419,0,Hemal,Jacob,Nazareth,vkhanna@example.net,6108961619,9650239851,2003-02-20,2,"H.No. 94
Mistry",Madurai,Bihar,India,725424,1
770012604029,0,Upadhriti,Keya,Verma,brindabiswas@example.org,5238378564,5582063065,1980-06-29,2,"13/312, Chhabra Zila",Pudukkottai,West Bengal,India,429287,1
727281150140,1,Ikbal,Maanas,Walla,rajata44@example.org,4157388848,9275599011,1988-04-07,1,"08, Mital Road",Gaya,Meghalaya,India,142300,1
480801855116,1,George,Akshay,Yogi,harsh21@example.net,3852657090,7803835691,2004-01-05,1,"002
Ganguly Road",Malda,Andhra Pradesh,India,718111,1
864742700572,0,Isaac,Shivani,Ganguly,sehgalrobert@example.com,0597714818,9814827606,1981-09-18,1,"44/204, Deo Marg",Kochi,Sikkim,India,839600,1
358783268579,0,Charles,Siddharth,Shah,esood@example.org,7522064863,2216820251,1971-09-02,1,"H.No. 992
Zachariah Circle",Jodhpur,Meghalaya,India,427991,1
396423367923,0,Arunima,Hredhaan,Chand,bajajchanakya@example.org,7719979832,2666539203,1981-08-14,2,"H.No. 989
Rai Path",Bhopal,Goa,India,501420,1
589596335645,0,Sathvik,Ekalinga,Bajwa,damyantibahl@example.net,0927770414,2096882966,1992-05-31,1,"88, Biswas Road",Danapur,Chhattisgarh,India,947709,1
951986647142,1,Eiravati,Aarnav,Ravi,rkrishnamurthy@example.org,8611726214,2447828297,1979-12-21,2,"H.No. 302, Barman Street",Etawah,Punjab,India,986723,1
262819668213,0,Andrew,Naksh,Amble,vasatika55@example.org,5102255868,8582732606,1989-05-12,1,"17
Krishnan Zila",Agra,Uttarakhand,India,884326,1
732787259989,1,Ronith,Ira,Mahal,harijasmit@example.com,7256554074,2205356400,2004-12-01,1,"32/42, Bhatt Chowk",Raebareli,Rajasthan,India,763491,1
197899884707,1,Kabir,Warhi,Sangha,manan67@example.net,2350377106,3561713738,1984-07-28,1,"53/588
Pingle Nagar",Thiruvananthapuram,Arunachal Pradesh,India,476641,1
474370215657,0,Ganga,Nihal,Kannan,balendra88@example.org,7052878999,0653361643,1963-08-03,2,"53/62
Jaggi Zila",Aizawl,Himachal Pradesh,India,153416,1
141217775478,0,Urvashi,Advay,Batra,rishi05@example.net,8144691678,7095380498,1982-02-09,2,"69/57, Parekh Marg",Guna,Goa,India,380418,1
957306164705,0,Tamanna,Akshay,Chawla,jackson88@example.org,9179016424,9913683212,1980-01-21,2,"H.No. 52
Parmer",Nadiad,Karnataka,India,267678,1
888723128977,0,Lakshit,Edhitha,Narasimhan,bajajranveer@example.net,0896390340,8057328078,1970-05-11,1,"64/494
Dar Zila",Kalyan-Dombivli,Uttar Pradesh,India,149105,1
394973569666,0,Hardik,Baghyawati,Raja,vasatikakrishna@example.org,0035621949,8321805432,2000-05-10,1,"91/25, Goyal Road",Salem,Kerala,India,508639,1
791987084853,0,Mekhala,Parth,Samra,bmukhopadhyay@example.com,3104038430,6895677501,1976-10-23,2,"51/07
Comar Marg",Amaravati,Tamil Nadu,India,205210,1
502396983618,0,Daniel,Chaitanya,Pandit,kala08@example.net,8258653269,0393429850,1988-12-14,1,"42/76
Oommen Marg",Barasat,Mizoram,India,345257,1
449122764755,1,Aarini,Chatresh,Chakraborty,fradoboase@example.com,4735668672,9999944260,1978-02-21,2,"05
Bir Nagar",Korba,West Bengal,India,247147,1
184720230703,0,Harshil,Manbir,Edwin,isaiah08@example.net,4759582070,8301785171,1968-10-09,1,"16/89, Tara Street",Jehanabad,Kerala,India,788408,1
418950397172,0,Damyanti,Bhavini,Jhaveri,radha17@example.com,6298433888,0713228826,1983-08-20,2,"29/340, Sastry Circle",Gaya,West Bengal,India,422314,1
119543489708,0,Ayushman,Dhruv,Walia,shroffgeorge@example.com,2293299222,2328916969,1971-03-16,1,"H.No. 22, Rana",Muzaffarpur,Karnataka,India,860873,1
774251836935,1,Advika,Vincent,Raghavan,vchana@example.com,6708493003,3113347968,1978-04-15,2,"21/07
Atwal Road",Raebareli,Kerala,India,663122,1
318205869844,0,Jagdish,Kalpit,Sengupta,sarintriveni@example.net,1202295319,8518621809,2006-07-16,1,"H.No. 184, Cherian Nagar",Surat,Assam,India,315399,1
201638090109,1,Tejas,Krisha,Saini,somharsh@example.org,9221032014,4104322841,1983-01-28,1,"84/321
Oza Marg",Khora ,Kerala,India,819318,1
159290883825,1,Arya,Avni,Sunder,matthew64@example.net,6467847372,5253511353,2000-08-06,2,"H.No. 575, Choudhry Zila",Bhubaneswar,Maharashtra,India,388175,1
628232460227,1,Jagdish,Madhav,Wali,lakshmi24@example.net,6809075598,8953200947,1961-12-14,1,"09/53
Wagle Zila",Hapur,Himachal Pradesh,India,851305,1
720538805925,0,Daksha,Oeshi,Mohanty,yochana21@example.org,5330423476,1710499379,1999-09-27,2,"42/25, Pandit Path",Dehradun,Himachal Pradesh,India,688399,1
574170463007,1,Vedhika,Indrajit,Kumar,urmi56@example.com,3611672609,8549367381,1971-04-03,2,"40/775, Deshpande Chowk",Thrissur,Kerala,India,724718,1
559652236239,0,Mekhala,Wyatt,Krishnan,ridhi97@example.net,6202498117,2642744976,1986-01-09,2,"03, Zachariah",Mirzapur,Odisha,India,256443,1
904454019318,1,Girindra,Varenya,Gokhale,tripti22@example.net,5001353986,8902505694,1964-05-30,1,"76/554
Warrior Road",Anantapuram,Andhra Pradesh,India,585470,1
444826532820,1,Alka,Nitara,Nath,pbhakta@example.org,4462630076,1505147491,1989-02-01,2,"18, Chad Nagar",Delhi,Himachal Pradesh,India,572338,1
256426992712,1,Ishaan,Chatresh,Seshadri,ekajawable@example.org,6616919133,9264849006,1973-12-30,1,"H.No. 45, Dave Path",Kanpur,Kerala,India,763993,1
551032153791,0,Bakhshi,Ekapad,Padmanabhan,forum26@example.org,9838888636,9019611100,2006-09-04,1,"59
Shan",Secunderabad,Manipur,India,921879,1
497801596491,1,Siya,Ekavir,Raju,maharajanvi@example.com,0065481163,1906374186,2002-07-09,2,"H.No. 68, Sheth Circle",Hapur,Meghalaya,India,398408,1
469766615941,1,Rajata,Viraj,Nair,praneelsankar@example.org,0302138840,4967871899,1966-08-07,2,"24/66
Zacharia Path",Gandhidham,Chhattisgarh,India,847807,1
348450033055,1,Arjun,Ijaya,Menon,ektabaria@example.org,0695050074,3419570878,1967-05-04,1,"61, Dugal Circle",Kamarhati,Bihar,India,053788,1
125609708285,0,Sanya,Yatan,Kunda,pdutta@example.org,1849200945,0600749215,1993-12-12,2,"732, Chandran Ganj",Indore,Himachal Pradesh,India,557161,1
570859187242,1,Krishna,Yuvraj,Sodhi,davidbansal@example.com,1315197458,2700046713,1974-08-06,2,"51/35, Natt Chowk",Phagwara,Jharkhand,India,945237,1
387854299707,0,Ekavir,Vritti,Bir,vkamdar@example.org,6002927939,5226972390,2002-09-07,1,"H.No. 23
Shere",Sagar,Meghalaya,India,347064,1
691646886763,0,Zayan,Madhav,Narula,basuayush@example.net,8268510583,6539298861,1997-12-08,1,"H.No. 56
Khanna",Shivpuri,Maharashtra,India,648197,1
313432046457,0,Indira,Bhanumati,Dhaliwal,advika54@example.com,6760808527,4560797101,1966-03-17,2,"742
More Zila",Srikakulam,Chhattisgarh,India,632451,1
519698560737,1,Chandani,Lavanya,Chander,rbava@example.com,5319268470,9050047043,1976-07-01,2,"H.No. 80
Johal Nagar",Haridwar,Telangana,India,975168,1
924724469270,1,Charan,Urmi,Pandya,ekansh01@example.net,1746782617,6276450570,1998-09-01,1,"40/679, Swamy Ganj",Tadepalligudem,Telangana,India,689140,1
860962589487,0,Rohan,Ria,Bava,mitesh86@example.org,8295431677,1752098913,1982-07-04,1,"48/77
Tak Road",Howrah,Himachal Pradesh,India,811232,1
131008732276,0,Liam,Ishani,Dave,sarabains@example.org,7086857683,7257669072,1969-07-07,1,"25/779, Joshi Zila",Hubli–Dharwad,Gujarat,India,161683,1
352069943829,1,Yoshita,Tarak,Srinivasan,veda27@example.com,1985531990,0180908711,1998-08-25,2,"969, Lad Chowk",Orai,Punjab,India,459917,1
981663304476,0,Balhaar,Max,Bhardwaj,theodore49@example.org,5515343266,2073956092,1980-02-18,1,"98/39
Sarkar Circle",Firozabad,Meghalaya,India,553119,1
403125554279,0,Joshua,Kai,Dixit,manya59@example.net,6781891010,1273444565,1991-05-08,1,"37
Aggarwal Marg",Asansol,Rajasthan,India,181042,1
691468458025,0,Vrinda,Gautami,Buch,swamyharish@example.net,9820285943,0054283393,1996-12-15,2,"62/19, Kakar Road",Jamnagar,Uttarakhand,India,198733,1
642154035034,1,Ekta,Lohit,Dhaliwal,anirudh92@example.net,0799632313,3210165080,1973-11-22,2,"H.No. 507
Memon Zila",Sonipat,Chhattisgarh,India,689018,1
196261567675,0,Hiral,Xiti,Chatterjee,qushi00@example.org,0459225159,5133849884,1996-12-05,2,"33/63, Shroff Marg",Jalna,Chhattisgarh,India,441660,1
219428308388,1,Tanveer,Unni,Palla,raghavanpushti@example.com,0513049683,2762632610,1998-06-07,1,"H.No. 55
Varma Chowk",Farrukhabad,Meghalaya,India,210849,1
533688723213,1,Wazir,Abhiram,Mammen,finn21@example.com,9402756481,1881698220,1999-06-07,1,"H.No. 428, Sant Ganj",Bhusawal,Tripura,India,525741,1
204666273585,1,Quincy,Mahika,Randhawa,chackofariq@example.com,0270679857,0333322032,1984-06-04,1,"286
Hayer Nagar",Nandyal,Nagaland,India,710884,1
347138297006,1,Vedant,Maya,Chahal,dalaja61@example.com,8273749593,8147460024,1995-08-18,1,"674
Divan Circle",Mahbubnagar,Tripura,India,738570,1
889731341196,0,Omaja,Niharika,Varghese,irya16@example.net,0248770966,8118934377,1971-09-04,2,"32
Master Ganj",Madanapalle,Kerala,India,077808,1
576394578008,0,Samar,Faras,Viswanathan,indiranazareth@example.org,5298031023,8371951938,1992-11-02,1,"H.No. 423, Golla Nagar",Hindupur,Mizoram,India,982907,1
895524112610,0,Om,Noah,Borra,bassiwarda@example.net,3153296696,6085924808,2008-03-10,1,"888
Nair Nagar",Guntur,Uttar Pradesh,India,284744,1
685123855633,0,Maanas,Jeet,Mital,onayak@example.org,4003562248,3825872540,1995-06-14,1,"44, Sehgal",Bhavnagar,Andhra Pradesh,India,017887,1
480396208970,0,Nitara,Pavani,Anne,devansh65@example.org,6695657163,4976374482,1981-07-03,2,"13/906
Kale Road",Aligarh,Jharkhand,India,290782,1
983751502585,1,Sudiksha,Hredhaan,Aurora,veda59@example.org,9416662203,5661419667,1979-07-13,2,"17/910, Baral Nagar",Pondicherry,Arunachal Pradesh,India,225114,1
268682592839,0,Advik,Widisha,Trivedi,pkara@example.net,9773405170,1781901009,1981-05-09,1,"H.No. 603
Pandya Ganj",Shimla,Meghalaya,India,451978,1
841525662661,1,Farhan,Chaman,Subramaniam,sahnipooja@example.net,4262628995,0850967046,1998-03-29,1,"68/965
Dada Circle",Sirsa,Uttar Pradesh,India,003149,1
765826109878,1,Rachana,Aryan,Dora,gunbir59@example.org,7198067538,5334519014,1973-09-18,2,"426, Natt Nagar",Pimpri-Chinchwad,Rajasthan,India,437407,1
669174319178,1,Anamika,Guneet,Gade,sachi28@example.com,8760239711,1327285686,1968-12-20,2,"32/801
Natarajan Nagar",Ambattur,Assam,India,723412,1
204261687052,0,Eesha,Aarnav,Lad,ebassi@example.org,2511960298,4485936837,2005-04-27,2,"46
Iyer Road",Karnal,Jharkhand,India,296214,1
656428065780,0,Jeevika,Kai,Kamdar,gnadig@example.org,2215083111,6366701020,1988-01-18,2,"H.No. 670, Kota Street",Indore,Punjab,India,720236,1
633732569791,0,Krisha,Meghana,Hayer,vidhi09@example.net,4663660188,8195201828,2007-05-03,2,"23/83, Chaudry Nagar",Jamnagar,Odisha,India,882448,1
924890110858,0,Vedant,Rudra,Ramanathan,divananya@example.net,4697245924,5264219738,1977-04-02,1,"99/02
Ravel Marg",Gurgaon,Karnataka,India,465593,1
956453169195,0,Krishna,Gabriel,Sen,dbains@example.org,9258903983,2570046864,1990-10-22,2,"256, Bahl Street",Arrah,Madhya Pradesh,India,894628,1
143555124493,1,Ridhi,Indali,Prabhakar,bahlabeer@example.net,2958904694,5735121854,1967-06-29,2,"27/27
Sem Marg",Katni,Tripura,India,889060,1
168146172557,0,Prisha,Panini,Hegde,ssangha@example.net,1739496203,3224110791,1992-11-07,2,"877
Ram Marg",Jamalpur,Maharashtra,India,465239,1
594116725232,0,Robert,Anjali,Lalla,nilimasarma@example.com,9924524583,4074630289,1974-04-19,1,"03
Basak Marg",Gandhidham,Meghalaya,India,775568,1
807706892019,0,Yashawini,Maya,Krish,saxenafrederick@example.org,2894024262,1238806855,1979-03-19,2,"H.No. 55, Singh Ganj",Cuttack,Uttarakhand,India,277882,1
435025450431,1,Mason,Samesh,Pradhan,nagichandran@example.net,6518768496,7076313301,1975-05-11,1,"06/269, Goda Marg",Tezpur,Chhattisgarh,India,441744,1
955216033435,1,Ronith,Brinda,Keer,nidhi50@example.org,2973090102,1159209681,1982-03-01,1,"H.No. 69, Savant Marg",Bongaigaon,Madhya Pradesh,India,349165,1
255470913454,1,Diya,Dipta,Sathe,sodhitanvi@example.org,3502745944,3092343112,1993-07-20,2,"81/086
Rout Road",Raurkela Industrial Township,Odisha,India,038249,1
115041651941,1,Vihaan,Ayushman,Kalla,maniraghav@example.net,8529249460,6424203613,1980-11-05,1,"48/98
Varty Ganj",Rajkot,Odisha,India,757839,1
697927970039,1,Gavin,Aarini,Murthy,talwarpahal@example.org,4961126354,9115579834,1989-05-25,1,"26
Oak Marg",Farrukhabad,Gujarat,India,542947,1
395852245229,1,Gabriel,Meghana,Kurian,sarthak84@example.net,5106751138,7587813759,1984-11-11,1,"26, Krishnan Street",Shimoga,Maharashtra,India,972365,1
477894897656,1,Aadhya,Anmol,Rajan,moreupadhriti@example.net,7050373504,3825121694,2002-02-26,2,"H.No. 75
Keer Nagar",Sasaram,Manipur,India,209824,1
235141432659,0,Arya,Victor,Gole,mistrykala@example.net,7262638520,8040175131,1990-09-07,2,"H.No. 67, Sachar",Secunderabad,West Bengal,India,010151,1
458993761882,1,Advay,Hemal,Dhillon,pandeyabdul@example.com,7445505720,2103375935,1967-01-14,1,"H.No. 884, Balan Ganj",Rourkela,Telangana,India,605985,1
551297776220,1,Gagan,Damyanti,Rana,balrobert@example.com,7964616183,4309954018,2005-09-10,1,"53, Bhargava Chowk",Ambala,Madhya Pradesh,India,922176,1
246525508387,0,Ishwar,Lakshit,Choudhary,shravya13@example.com,0984080943,3225633551,2003-03-06,1,"H.No. 069
Sahni Nagar",Ranchi,Tamil Nadu,India,658388,1
687998706224,0,Rushil,Krisha,Keer,karikrish@example.net,1455700204,6495079248,1964-04-30,1,"94/27, Sarma Path",Chennai,Himachal Pradesh,India,819845,1
167159221237,0,Thomas,Udant,Shroff,dkamdar@example.com,1582043293,3666446883,1988-02-01,1,"32, Banerjee Street",Danapur,Arunachal Pradesh,India,009155,1
101431378866,1,Champak,Pranav,Bali,balasubramanianmaya@example.net,5622592066,1142230708,1967-06-16,1,"553
Chauhan",Tinsukia,Punjab,India,662937,1
392277259929,1,Robert,Nakul,Madan,bimalanarula@example.org,4760492788,1503180756,1969-03-11,1,"H.No. 54, Goel Marg",Kirari Suleman Nagar,Bihar,India,993410,1
180411556993,1,Deepa,Leela,Khalsa,ethanganesh@example.com,8819873773,3836621048,1974-09-04,2,"12/314
Sundaram Street",Srikakulam,Tripura,India,230307,1
944138463516,1,Tripti,Netra,Mitra,krishnadevansh@example.org,2683603539,1511778853,1986-11-17,2,"H.No. 750
Char Circle",Coimbatore,Chhattisgarh,India,900654,1
877712887922,1,Ekaja,Faris,Sethi,rajanjacob@example.com,2523041781,7480985831,1968-10-15,2,"H.No. 736, Date Chowk",Moradabad,Gujarat,India,350668,1
983003810534,0,Darsh,Aarini,Bath,ahujakamala@example.net,6864457701,7838063392,1978-07-13,1,"H.No. 634, Agrawal",Nizamabad,Andhra Pradesh,India,147252,1
221405543290,1,Advay,Ishwar,Sunder,dsuresh@example.com,1375517535,2082988005,1980-12-29,1,"953
Rao Street",Ramgarh,Tripura,India,338321,1
724963371763,1,Jeet,Mason,Om,anamikaloyal@example.net,0995092769,1709167113,2004-12-11,1,"79
Ben Nagar",Jorhat,Nagaland,India,208489,1
116054740409,0,Rajata,Yashoda,Sem,harinakshivarghese@example.net,7098278629,7345442658,1996-12-09,2,"66/36
Kamdar Marg",Vijayawada,Rajasthan,India,051046,1
907390118347,0,Charan,Lekha,Kurian,chandran83@example.net,0836315302,2720488626,1972-07-23,1,"83/653, Warrior Nagar",Begusarai,Punjab,India,572478,1
123166510991,1,Azad,Yauvani,Bassi,nakshsrivastava@example.org,7723328602,1078247680,1967-06-11,1,"H.No. 087, Naik Path",Bokaro,Manipur,India,271060,1
258098223356,0,Ojasvi,Fiyaz,Bala,bhasinanika@example.org,2821312560,8620272393,1989-09-26,2,"H.No. 571, Palla Ganj",Tumkur,Manipur,India,815042,1
548517029903,0,Avi,Champak,Mangat,tbora@example.com,8976949671,2803691937,2002-11-02,1,"21/138
Bir Road",Gulbarga,Uttarakhand,India,157513,1
671257257501,0,Benjamin,Tanmayi,Sagar,bbrahmbhatt@example.com,0524719527,3258716216,1991-10-13,1,"H.No. 36, Manda Nagar",Dharmavaram,Telangana,India,002260,1
605231669180,0,Qarin,Girik,Vasa,faqidarora@example.net,4868669754,2141119648,2006-03-29,1,"H.No. 040
Ray Zila",Patiala,Uttar Pradesh,India,510772,1
806265895813,0,Gagan,Lopa,Bera,charan67@example.net,1552249625,3447470548,1991-11-06,1,"93
Narang",Kozhikode,Odisha,India,375110,1
698720076682,1,Vincent,Yoshita,Mahal,omisha62@example.com,9202926518,1018394905,1978-11-06,1,"76/73
Nagarajan Road",Rajkot,Chhattisgarh,India,913605,1
789369634402,0,Jhalak,Om,Thaker,wishi69@example.com,9835963999,2878954893,1990-04-23,2,"H.No. 43, Bhattacharyya",Howrah,Punjab,India,623750,1
480553107487,1,Chandran,Omisha,Shanker,guhajhalak@example.org,5109790325,5638186460,1963-07-31,1,"H.No. 636, Chanda Nagar",Nandyal,West Bengal,India,226795,1
872680151259,0,Leela,Vasudha,Khatri,yash53@example.org,9316862808,6688437880,2003-10-04,2,"242
Khalsa Marg",Sikar,Goa,India,342127,1
856803161204,0,Banjeet,Vasatika,Grewal,tailorsimon@example.org,9099913847,4195741779,2005-04-06,1,"12/28, Yogi Street",Gwalior,Sikkim,India,445490,1
851383581916,0,Gavin,Anjali,Kulkarni,bakshizehaan@example.net,9194968630,2516630881,1982-05-24,1,"H.No. 911, Subramaniam Street",Vijayanagaram,Goa,India,231119,1
929582570844,0,Chandresh,Aarush,Bains,raaginidua@example.net,6287148542,7859422305,1987-12-21,1,"H.No. 177, Kade Circle",Hosur,Haryana,India,001323,1
645840394681,1,Nathan,Bimala,Nazareth,yutikaravi@example.com,8323617904,1293786325,2004-11-08,1,"59
Sahni Zila",Davanagere,Bihar,India,902872,1
369423837531,1,Ekantika,Unni,Chauhan,kai19@example.net,3962463572,6156382006,1972-04-23,2,"H.No. 388
Ghose Circle",Bareilly,Kerala,India,634075,1
159585090055,0,Oliver,Gopal,Kara,khuranaucchal@example.com,3726350389,3934619720,2006-11-15,1,"856, Sharma Road",Bathinda,Karnataka,India,609612,1
292485785187,1,Maanav,Guneet,Oza,chadaxavier@example.org,0933443336,1420034128,1994-12-02,1,"H.No. 87
Hayre Marg",Bhilwara,Odisha,India,006301,1
869758569715,0,Devika,Yashodhara,Rai,jbarman@example.net,7202342745,8659754754,1975-11-17,2,"815
Parmar Path",Dehradun,Rajasthan,India,575730,1
396202130261,1,Chatura,Jagat,Divan,uparmar@example.org,0297442477,7753916629,2000-02-04,1,"55/15
Ahuja Street",Solapur,Sikkim,India,704947,1
973325358989,0,Hemang,Aarav,Sunder,barkha17@example.org,3287820675,9213135411,2006-01-28,1,"84/98, Basak Road",Guntur,Chhattisgarh,India,557980,1
611177771781,1,Krisha,Wahab,Taneja,nigamaishani@example.net,8139778000,6226786355,1988-08-27,2,"40/98, Rastogi",Hosur,Gujarat,India,665355,1
383531670695,1,Udant,Yutika,Ben,aashi83@example.net,8321040750,4858486233,2003-07-26,1,"H.No. 484
Sandhu Road",Ranchi,Rajasthan,India,478335,1
569401462231,0,Veda,Triveni,Murthy,henry56@example.org,8013990659,1159151511,1991-07-01,2,"574
Mane Nagar",Agra,Bihar,India,187954,1
228522629028,1,Jeet,Simon,Datta,vnaik@example.org,3178803783,7960450916,1982-01-07,1,"54/465, Merchant Nagar",Jamnagar,Karnataka,India,907258,1
536295200814,0,Deepa,Gautami,Goel,ulal@example.org,5442026964,7200080034,1975-03-02,2,"191
Natt Path",Raipur,Andhra Pradesh,India,283655,1
928869231345,0,Gaurang,Utkarsh,Krishnamurthy,wyadav@example.net,7512624644,4004097512,2005-07-26,1,"H.No. 757, Dada Marg",Thane,Andhra Pradesh,India,439677,1
114531950792,1,Eesha,Raksha,Verma,david77@example.com,1956409667,8617373067,1970-10-12,2,"H.No. 56, Bose Nagar",Agra,Sikkim,India,962604,1
112759545284,1,Advay,Eta,Dada,ladvictor@example.org,9545439825,8197402108,1981-04-07,1,"312, Ramachandran Road",Mau,Himachal Pradesh,India,010360,1
512854853745,0,Radhika,Qasim,Parmer,avni31@example.com,3105029611,3600215381,1973-04-21,2,"89/79
Morar Ganj",Burhanpur,Mizoram,India,223450,1
804807120208,1,Gaurangi,Daksh,Yohannan,triptizachariah@example.net,8694785463,6561403063,2005-04-22,2,"H.No. 79, Ray Zila",Narasaraopet,Tamil Nadu,India,667043,1
368707096310,1,Yatan,Jyoti,Bera,nandini11@example.com,2496891249,7430913668,1983-03-20,1,"H.No. 454, Lall Zila",Loni,Manipur,India,301705,1
520755835192,1,Suhani,Amrita,Nadig,vedant68@example.com,8826471923,2955094441,1965-09-26,2,"62/22
Sandal Nagar",Etawah,Uttarakhand,India,166386,1
762288641783,1,Vihaan,Utkarsh,Goel,kurianekta@example.org,3871841855,0772399478,1982-06-13,1,"890
Issac Marg",Rajpur Sonarpur,Nagaland,India,991855,1
525743371717,1,Prisha,Divya,Sant,samar44@example.com,9623681928,0008790553,1965-12-08,2,"H.No. 679
Sinha Chowk",Visakhapatnam,Himachal Pradesh,India,534132,1
875758772744,0,Dayamai,Qadim,Dixit,caleb68@example.net,7824037079,7698415914,2008-02-16,2,"07
Shroff Road",Kolkata,Uttar Pradesh,India,760520,1
841830636351,1,Xalak,Ishanvi,Loke,robert66@example.net,1336650015,3313001336,1994-09-17,2,"20, Atwal Nagar",Mau,Mizoram,India,106814,1
858988764218,1,Kritika,Tanvi,Barman,tara78@example.com,2732458842,4702082789,1988-08-18,2,"H.No. 005
Kaur Zila",Silchar,Bihar,India,178927,1
318806410325,0,Ranbir,Tripti,Korpal,vmane@example.com,0703477640,1074877462,1984-05-03,1,"61, Atwal Circle",Bidhannagar,Manipur,India,868209,1
524769218445,1,Tanish,Nitesh,Bassi,wasonpeter@example.com,8524212500,4410644179,1969-08-25,1,"75/17, Garg Circle",Kavali,Maharashtra,India,585228,1
894512890721,0,Balhaar,Indali,Aggarwal,vincent09@example.net,2337815329,5414310335,1979-01-09,1,"80/55, Nadig Ganj",Anantapur,Gujarat,India,359762,1
547687414948,0,Warinder,Chandran,Rajan,anay50@example.com,9109439123,7309831643,1992-10-08,1,"66
Dugar Circle",Howrah,Tripura,India,252159,1
791592679103,1,Waida,Deepa,Karan,hayregeorge@example.net,6840509008,1749645822,2000-05-20,2,"45/20
Palla",Chapra,Arunachal Pradesh,India,089524,1
997407344883,0,Leena,Priya,Sarraf,vramaswamy@example.net,4257238381,5772728900,1991-09-24,2,"760
Anand Path",Gurgaon,Gujarat,India,934311,1
742783901998,1,Jacob,Bhavani,Sahni,pthakur@example.org,9036118817,4411473874,1975-10-08,1,"46/890
Tandon Nagar",Gangtok,Andhra Pradesh,India,591228,1
352454809708,0,Aryan,Yochana,Swamy,nikita93@example.net,9114654874,5274407113,1994-09-06,1,"84/312, Barman Zila",Yamunanagar,Odisha,India,723208,1
161621805335,1,Ucchal,Balvan,Sabharwal,qmukhopadhyay@example.net,4959170018,9742905890,2007-04-10,2,"H.No. 374, Seth Zila",Bardhaman,Punjab,India,968294,1
261693362122,1,Neelima,Bhavika,Wable,ekanta47@example.com,9802241954,6839683197,1982-09-08,2,"267
Basu Chowk",Dhule,Jharkhand,India,363543,1
391783397699,1,Kalpit,Rachit,Goda,qsuresh@example.net,1327771325,9827271860,1962-09-01,1,"34/34, Sagar Chowk",Mau,Himachal Pradesh,India,126637,1
585350522568,1,Sudiksha,Gauri,Verma,udarshyohannan@example.org,0440883355,6548157419,2004-03-06,2,"288, Parmar Street",Kalyan-Dombivli,Assam,India,173114,1
294313013604,1,Yoshita,Kabir,Seth,bassiquincy@example.org,9498591549,5746633863,1983-11-04,2,"626, Kapadia Marg",Aizawl,Goa,India,623960,1
667614780010,1,Neelima,Liam,Toor,bahriharinakshi@example.net,9984115063,1176621117,1967-07-01,2,"H.No. 875, Subramaniam Marg",Mangalore,Odisha,India,823280,1
406344164478,0,Varenya,Mahika,Bail,aditya32@example.net,1886990244,7985428837,1970-02-02,2,"H.No. 77
Bumb Chowk",Adoni,Meghalaya,India,978786,1
708000825161,0,Lakshit,Banjeet,Setty,sara99@example.org,0214963470,1169563517,1962-06-12,1,"93
Singhal Circle",Jorhat,Madhya Pradesh,India,289455,1
692004770755,1,Harish,Mugdha,Varghese,vmajumdar@example.net,9199354684,7864889973,1970-11-10,1,"85, Suri Chowk",Navi Mumbai,Punjab,India,915252,1
595211144786,0,Samarth,Panini,Goyal,jyotiom@example.net,7610216980,8225724974,2000-05-28,1,"H.No. 228
Bhasin Chowk",Gangtok,Rajasthan,India,541812,1
844810929791,0,Nidra,Pooja,Nadkarni,sachdevaishanvi@example.com,1737685144,6340101217,1999-07-21,2,"10/249, Tella Circle",Hyderabad,Assam,India,002820,1
279622458124,1,Sanaya,Harsh,Merchant,qadimghose@example.org,7857835972,7901702239,1975-11-25,2,"087
Deshpande Circle",Nandyal,Jharkhand,India,008143,1
159155660377,1,Brijesh,Ronith,Dash,bhavika44@example.com,0019507248,7829933482,2000-02-22,1,"67
Kibe Path",Begusarai,Meghalaya,India,685600,1
358868970828,0,Amara,Libni,Kanda,paldamini@example.org,1099100035,0573749847,1970-09-10,2,"H.No. 410, Bail Path",Nizamabad,Manipur,India,403911,1
934200465631,0,Harinakshi,Pranav,Grover,pallabhavna@example.org,8053164558,8084555959,1977-03-30,2,"H.No. 019, Ram Path",Kochi,Madhya Pradesh,India,484518,1
131581455122,0,Naveen,Wakeeta,Dutta,dev82@example.net,6160880945,1823558251,1971-04-25,1,"45
Narain Marg",Chinsurah,Manipur,India,349049,1
950005277228,1,Om,Bachittar,Sant,zashil23@example.com,7343947707,1484703436,1982-02-07,1,"H.No. 152, Minhas Road",Coimbatore,Goa,India,396271,1
854720098658,0,Ucchal,Vaishnavi,Boase,hshukla@example.net,5770099649,6220380135,1993-01-14,2,"136
Dass Marg",Vasai-Virar,Telangana,India,528287,1
485703401833,0,Rachana,Waida,Srinivas,gmammen@example.com,7018565031,2895403296,1977-09-21,2,"57/39
Mutti Road",Patna,Karnataka,India,951630,1
754863288465,1,Ishaan,Krishna,Talwar,ksarkar@example.com,1870897980,5085125591,1983-06-18,1,"84/003
Prakash Nagar",Chandrapur,Arunachal Pradesh,India,149750,1
230780748538,0,Aadhya,Kabir,Sengupta,gaurang37@example.org,8333364813,4538149318,1964-04-26,2,"89/931
Handa Marg",Madhyamgram,Chhattisgarh,India,571752,1
416804128059,1,Reva,Agastya,Badal,ypathak@example.com,9907496394,3945085378,2002-06-07,2,"H.No. 403
Grover Circle",Sultan Pur Majra,Bihar,India,771562,1
509799869414,1,Urishilla,Ekiya,Agate,mkar@example.net,6132220378,1899827783,1968-07-03,2,"61/320
Sami Nagar",Karimnagar,Jharkhand,India,898568,1
404797657746,0,Samesh,Yahvi,Kapadia,aachal91@example.net,4149968374,8972437301,2003-12-07,1,"873, Pandey Nagar",Loni,Andhra Pradesh,India,862692,1
603429759324,0,Mugdha,Idika,Biswas,pallavi68@example.net,6709915089,2962311989,1963-11-19,2,"H.No. 54, Varma Marg",Chandigarh,Gujarat,India,455513,1
565560075696,0,Aarush,Bimala,Tak,harini79@example.net,4723132823,6269127829,1985-08-21,1,"H.No. 33
Sarin Marg",Gangtok,Manipur,India,816464,1
921817824600,0,Warhi,Ekbal,Krish,xpall@example.net,1375544242,9075830523,1969-02-24,2,"H.No. 711, Wali Chowk",Haldia,Madhya Pradesh,India,845203,1
855031161963,1,Christopher,Charvi,Brar,nishabatra@example.net,0255133057,9480064045,1990-10-10,1,"H.No. 250, Srinivasan Road",Dibrugarh,Haryana,India,083175,1
917938289385,0,Qushi,Onkar,Sastry,mram@example.com,0556149592,3588257021,1971-04-28,2,"H.No. 176, Soni Marg",Noida,Uttarakhand,India,144166,1
290862696997,1,Qushi,Vaishnavi,Nayak,nparekh@example.org,3630297833,0995150923,1975-09-30,2,"13, Borde Nagar",Imphal,Bihar,India,687302,1
492518631170,1,Vrinda,Ayaan,Savant,boasejairaj@example.net,6811111834,9951144917,2002-07-26,2,"78/201
Khare Road",Shimla,Haryana,India,679255,1
777130196702,1,Maanav,Vasudha,Mohan,eshanasethi@example.com,0968102763,7746494578,1973-03-10,1,"59, Bassi Street",Khammam,Maharashtra,India,534172,1
380609347879,0,Lekha,Vedant,Roy,bumbyachana@example.com,1174173566,8325058527,1990-05-27,2,"H.No. 43, Dayal Road",New Delhi,Tripura,India,528595,1
831184856356,0,Elijah,Manan,Ramakrishnan,zaid43@example.com,3285054920,1405000727,1987-01-09,1,"295, Babu Path",Jaunpur,Nagaland,India,913779,1
468778656804,0,Logan,Pahal,Wagle,aachalnarayanan@example.net,2608667323,8818397788,1977-10-01,1,"201
Karnik Chowk",Tumkur,Meghalaya,India,910486,1
187870243351,0,Libni,Pavani,Sha,zacharialaban@example.com,5173138099,2284150623,1990-03-13,2,"04/89, Talwar",Fatehpur,Haryana,India,747715,1
383753101953,0,Unnati,Elijah,Mukherjee,parmerjatin@example.org,7005257996,1589753059,1983-02-16,2,"20/08, Wadhwa Street",Salem,Odisha,India,998780,1
320644827078,0,Chaitanya,Benjamin,Tata,max74@example.net,9661536105,7023716847,1989-06-08,1,"58/69, Nigam Path",Panipat,Tamil Nadu,India,854611,1
954129965789,0,Meera,Advay,Mital,anirudhbarad@example.net,4005507922,5426209508,1967-02-05,2,"722, Madan Circle",Nandyal,Bihar,India,312424,1
887458094136,1,Amruta,Wakeeta,Gara,macharya@example.net,5804807977,4379162295,2004-04-02,2,"92
Bhasin Chowk",Mahbubnagar,Meghalaya,India,919379,1
287084885964,0,Edhitha,Kamala,Seshadri,narayanirya@example.org,6990250819,4376256811,1980-05-19,2,"00/78
Kalla Path",Raipur,Arunachal Pradesh,India,417554,1
956436806889,1,Kalpit,Wazir,Dubey,michaelbarad@example.org,1905627772,1631038564,1961-11-08,1,"H.No. 65
Vasa Nagar",Chandigarh,Jharkhand,India,125413,1
164452113612,0,Madhavi,Turvi,Randhawa,bahlirya@example.net,4804665188,0589331168,1999-12-08,2,"22/247
Dave",Chandigarh,Rajasthan,India,797423,1
713688991194,1,Aadhya,Pranav,Oza,aoak@example.net,9784315404,0177899930,1967-02-25,2,"62/244, Sahni Chowk",Firozabad,Haryana,India,434494,1
601850173219,1,Matthew,Charvi,Apte,pahal87@example.net,9581955002,0604231923,1995-05-25,1,"682
Bhardwaj Ganj",Orai,Haryana,India,395949,1
389186030188,0,Ekalinga,Tristan,Gala,ghoseeiravati@example.org,0661327177,2939921805,1998-04-14,1,"25/34
Oommen Marg",Sasaram,Manipur,India,320305,1
979454903364,1,Nimrat,Vanya,Ravi,santdaksh@example.com,7724457404,9972325567,1966-01-16,2,"976
Vasa Road",Raipur,Bihar,India,769020,1
692743354062,0,Gaurav,Zayan,Wadhwa,kashvicomar@example.net,9505493594,0812302517,1970-07-01,1,"H.No. 30
Mukherjee Street",Thoothukudi,Goa,India,014924,1
433309791574,0,Anthony,Liam,Dora,cseth@example.net,9295913536,3900526789,1980-07-01,1,"16
Badal Zila",Mehsana,Mizoram,India,790340,1
900339905360,0,Omisha,Jagdish,Krishnan,riaborde@example.org,0182939738,6301620222,1988-03-15,2,"53/62
Konda Road",Gulbarga,Punjab,India,130160,1
280611232567,0,Chaaya,Pahal,Kata,baljiwan08@example.net,3718697124,1667326286,1990-11-06,2,"H.No. 70
Lall Path",Jabalpur,Meghalaya,India,223502,1
141027979895,0,Kamala,Janaki,Panchal,dkuruvilla@example.com,1411257381,5657540216,1987-08-25,2,"78
Dhillon Marg",Deoghar,Meghalaya,India,621753,1
309992599967,1,Urvashi,Widisha,Srinivas,uthaker@example.net,9743614147,2416168657,1965-07-07,2,"68/45
Sankar Zila",Rajkot,Karnataka,India,885329,1
963546832014,0,Aishani,Ekani,Gour,seshadriwaida@example.com,7061145186,9404406019,1987-05-29,2,"H.No. 88
Golla Ganj",Mangalore,Sikkim,India,461022,1
641554336950,1,Max,Maanav,More,arinmahajan@example.com,7489032221,4813575844,1973-08-19,1,"70/207
Wable Circle",Chandrapur,Himachal Pradesh,India,065806,1
448398247858,0,Vedika,Triya,Raval,dhaliwalliam@example.org,2422436258,3778577166,1985-07-09,2,"000, Ramakrishnan Ganj",Imphal,Odisha,India,391432,1
814811100216,1,Finn,Veer,Narain,yashodharamani@example.org,7488020691,9473047606,1975-05-10,1,"18/027
Dass Chowk",Pimpri-Chinchwad,Telangana,India,488454,1
717085987495,1,Urvashi,Yagnesh,Kamdar,thakkaromisha@example.com,1580175489,4636522666,1986-12-25,2,"H.No. 048
Brahmbhatt Street",Allahabad,Andhra Pradesh,India,467346,1
181225074133,0,Sudiksha,Madhavi,Swaminathan,michaelgarde@example.net,3535944814,8582016368,1962-11-03,2,"H.No. 60
Sabharwal Zila",Latur,Arunachal Pradesh,India,855953,1
167884530119,0,Triveni,Charles,Pau,upma45@example.net,6491628718,9170323282,2005-12-26,2,"H.No. 61
Dua Chowk",Jehanabad,Gujarat,India,722199,1
655972495395,1,Harita,Gopal,Upadhyay,yagnesh09@example.net,6985294064,3567730671,1979-10-15,2,"25/768, Iyengar Path",Faridabad,Tamil Nadu,India,560846,1
133403998210,0,Warjas,Fitan,Chanda,thomasbir@example.com,2993738156,6524453411,1986-11-19,1,"63/95, Bala Street",Yamunanagar,Arunachal Pradesh,India,160221,1
958597028307,1,Bakhshi,Mason,Iyer,fgoda@example.org,0190570494,9935416223,1984-04-07,1,"05
Swamy Nagar",Unnao,West Bengal,India,984404,1
615961353616,0,Aarini,Nathaniel,Madan,vyanjana52@example.org,7867024855,3182572577,1985-11-09,2,"631
Shetty Street",Raiganj,West Bengal,India,070098,1
605120943334,1,Bhavini,Aadhya,Guha,zayansingh@example.com,0701971469,8917617678,1982-11-04,2,"H.No. 41, Kara Zila",Madurai,Tamil Nadu,India,399865,1
993233196145,0,Aadi,Timothy,Kapadia,mitali32@example.net,7319987642,7036878682,1976-05-12,1,"29/783, Gara Nagar",Bally,Himachal Pradesh,India,442162,1
242540948059,0,Timothy,Kabir,Choudhury,jpillay@example.org,6867097227,5828836770,1987-12-26,1,"74
Nadig Street",Panchkula,Haryana,India,510370,1
327803006924,1,Sanya,Teerth,Bera,badamitamanna@example.net,5161843031,7343078960,1988-08-25,2,"H.No. 401, Dani Marg",Udaipur,Tamil Nadu,India,175096,1
776321156220,1,Sanaya,Kashvi,Nayar,mugdhabhat@example.net,9526055948,0106448500,1983-06-01,2,"H.No. 844, Bora Marg",Chandigarh,Himachal Pradesh,India,471918,1
886603164220,1,Manan,Vaishnavi,Menon,anyasubramaniam@example.com,9719431974,1940180999,2008-09-17,1,"44
Savant Ganj",South Dumdum,Arunachal Pradesh,India,180750,1
506774849578,0,Oscar,Amruta,Dugar,dhawanaadhya@example.com,5425754917,9341927110,1989-12-30,1,"H.No. 231
Saxena Ganj",Bahraich,Andhra Pradesh,India,301983,1
678742060546,1,Charan,Zaitra,Chada,ekani97@example.org,1909594462,1485470595,1999-04-26,1,"95, Date Marg",Meerut,Arunachal Pradesh,India,068511,1
456699471149,1,Lucky,Arunima,Jhaveri,liamdugar@example.net,9666175114,9717071986,1987-04-03,1,"14/654
Srinivasan Path",Morena,Haryana,India,195339,1
792923294820,1,Yadavi,Upadhriti,Anne,guptaraksha@example.net,1137614305,4218912331,2006-09-01,2,"H.No. 268
Narain",Mumbai,Meghalaya,India,719425,1
457586746817,0,Jeremiah,Vritti,Dey,balhaar20@example.com,1460789211,9992898317,1987-10-01,1,"H.No. 60, Viswanathan Street",Anand,Assam,India,642720,1
518232351503,1,Chameli,Fariq,Sridhar,anmol61@example.org,7509694584,9111320779,1994-01-07,2,"H.No. 40, Sachdeva Street",Saharanpur,Jharkhand,India,074474,1
153892954223,0,Lipika,Warda,Jaggi,iloyal@example.com,8577845527,4454013336,1978-04-25,2,"52/84, Bajaj Street",Srinagar,Sikkim,India,004150,1
515216393736,1,Imaran,Abhimanyu,Gole,bmore@example.com,3402697200,4923256417,1992-06-20,1,"H.No. 95
Suresh Marg",Indore,Rajasthan,India,199591,1
889643647328,1,Madhav,Dayita,Malhotra,aarnavbhakta@example.org,9552024928,0258679822,1971-10-22,1,"30
Gopal Nagar",Aurangabad,Tripura,India,597413,1
713416751921,0,Sachi,Divya,Garde,cdhar@example.net,1427841834,0314915299,1993-01-25,2,"50/96, Pai Ganj",Bhiwani,Sikkim,India,964961,1
212868113534,1,Tanveer,Sanaya,Munshi,dhillontanay@example.org,0120942366,6008952390,1993-04-20,1,"540, Dubey",Karawal Nagar,Bihar,India,075319,1
977862773518,0,Forum,Sanaya,Bhagat,agrawalhemal@example.net,5099059138,0587388432,1992-06-23,2,"898, Sanghvi Nagar",Kirari Suleman Nagar,Tamil Nadu,India,109541,1
252398529972,1,Hredhaan,Warinder,Srinivasan,virajgera@example.org,8961652503,8791525711,1996-06-27,1,"72/955, Dey",Ambattur,Haryana,India,743437,1
157032624395,0,Daksh,Darpan,Narula,rachit48@example.com,2197006929,8735636218,1999-12-23,1,"06/88, Nori Ganj",Saharanpur,Tripura,India,470900,1
511164046365,0,Tristan,Triya,Dhawan,yauvani57@example.net,8174952738,2873145061,1982-06-19,1,"H.No. 442
Saxena Marg",Silchar,Tripura,India,083672,1
182008803932,0,Sneha,Samarth,Chahal,debahadurjit@example.org,0697621940,2666736496,1970-08-11,2,"74/342
Sarraf Nagar",North Dumdum,Odisha,India,377921,1
178946666269,1,Diya,Triya,Bala,mannansara@example.org,4778718140,2040573982,1987-05-04,2,"H.No. 67, Srinivasan Path",Kirari Suleman Nagar,Uttar Pradesh,India,958105,1
805351159356,0,Laban,Ayush,Rao,bachittarkumar@example.org,9672384614,2399014838,1963-06-30,1,"48/535, Pillay Zila",Bhind,Chhattisgarh,India,777921,1
387289554666,1,Aarna,Sai,Brahmbhatt,kprabhu@example.com,1593830040,8886664533,1968-03-14,2,"407, Seth Circle",Kollam,Punjab,India,083501,1
596544803319,1,Hiral,Idika,Shankar,odikabanerjee@example.net,2668441118,7307262862,1982-12-28,2,"H.No. 432
Sarma",Kanpur,Karnataka,India,605136,1
971885351092,1,Lajita,Yash,Prasad,buchranbir@example.com,1176428735,8858176256,1994-09-24,2,"834
Yadav Circle",Siliguri,Goa,India,996400,1
937376728199,1,Hiral,Jagat,Bava,wdhawan@example.com,4367359943,7050934446,2003-09-10,2,"458, Edwin Zila",Malegaon,Tamil Nadu,India,383198,1
190858482378,0,Nilima,Oeshi,Bhatt,dassvrishti@example.net,6565106174,9390245079,2000-06-02,2,"H.No. 727, Golla",Purnia,Haryana,India,929421,1
639736886665,1,Onkar,Saanvi,Baral,mason67@example.org,3655479802,2170607841,1989-12-05,1,"24
Sami Chowk",Farrukhabad,Karnataka,India,520239,1
901851691699,0,Girish,Patrick,Chad,ekhurana@example.org,4218187379,7535141909,1985-07-24,1,"752, Vig Street",Jamnagar,Bihar,India,182413,1
672058862637,1,Anamika,Krisha,Hari,balaomya@example.org,0895443588,8493279236,1982-12-07,2,"H.No. 03, Basak Zila",Udaipur,West Bengal,India,010701,1
583881909405,0,Mekhala,Lipika,Chokshi,nachiketbhavsar@example.net,6756383459,3332272076,1967-04-20,2,"768, Pillai Road",Pali,Kerala,India,994057,1
455552645247,0,Tara,Rohan,Patla,ambleethan@example.net,1751496822,1881778879,1988-08-27,2,"33
Parekh Zila",Chapra,Mizoram,India,175143,1
903494195574,0,Frado,Yuvraj,Sharma,charitaarora@example.com,1618860700,3523278456,1997-06-20,1,"91/93, Raja Marg",Sagar,Punjab,India,438666,1
555836086079,1,Garima,Zaid,Dubey,bahribalendra@example.org,1533261941,8140979460,1971-02-24,2,"705
Badami Ganj",Bathinda,Maharashtra,India,894716,1
541671417698,0,Krish,Harita,Morar,aarnav88@example.com,1907211770,0213577242,1972-10-30,1,"H.No. 374, Vohra Ganj",Mango,Odisha,India,436188,1
364399368186,0,Urvi,Hardik,Natarajan,mitalekavir@example.net,1870059217,4236322415,1998-12-03,2,"49/58, Dixit Circle",Sagar,Chhattisgarh,India,059547,1
413063825867,0,Alka,Rachita,Dua,rayaan27@example.net,5989401638,3448748737,1995-07-22,2,"46/61
Agarwal Path",Bhilwara,West Bengal,India,260544,1
321605616831,1,Yashodhara,Wahab,Rana,amruta20@example.com,9042693138,8884476270,1982-06-10,2,"H.No. 346, Subramanian Path",Hospet,Maharashtra,India,932831,1
163762382931,0,Meghana,Rudra,Saraf,zashilgala@example.org,1115697685,0166680747,1990-07-11,2,"H.No. 53, Patla Chowk",Dharmavaram,Rajasthan,India,049354,1
734835805346,1,Yuvraj,Vasudha,Kara,chaudhuriraksha@example.com,1498486527,8144947531,1961-12-13,1,"H.No. 443, Randhawa Marg",Mysore,Kerala,India,335083,1
915303661469,0,Rachana,Watika,Biswas,mrai@example.org,8022456673,9484474038,2007-03-15,2,"584
Bahl Street",Panchkula,Gujarat,India,304029,1
409701398866,1,Orinder,Balvan,Mannan,urmi50@example.com,9254514087,9536861850,1986-05-01,1,"61/288
Narayanan",Ambarnath,Maharashtra,India,882987,1
674266503345,1,Gagan,Caleb,Yohannan,borafitan@example.com,0985101593,5550287274,1967-09-12,1,"85/069, Kala Nagar",Kanpur,Haryana,India,925252,1
119832791331,1,Hredhaan,Jagvi,Soni,yastibumb@example.org,0092358037,6162332646,1998-04-14,1,"99
Srinivasan Path",Panchkula,Sikkim,India,861636,1
716473352570,1,Sarthak,Siddharth,Natarajan,prisha97@example.net,0958148575,1556335628,1997-10-02,1,"H.No. 605
Sandal Nagar",Bettiah,Haryana,India,802876,1
826726235977,0,Aadhya,Fiyaz,Garg,rameshxalak@example.com,4573560438,3379925002,1969-12-16,2,"36, Vasa",Nagaon,Sikkim,India,496174,1
383065507646,1,Upasna,Mohammed,Pillai,tara19@example.com,5580162872,1584093288,1984-06-11,2,"939, Rajagopal Road",Machilipatnam,Chhattisgarh,India,656654,1
506063510171,1,Ranbir,Aayush,Kalla,taradamyanti@example.org,0139943541,4801727569,1978-06-24,1,"060, Sheth Ganj",Tirupati,West Bengal,India,796753,1
606152934842,1,Manan,Kala,Manda,sinhaishwar@example.net,4358764296,2789779786,1980-01-04,1,"57, Warrior Path",Jaunpur,Mizoram,India,985466,1
963943798094,1,Jairaj,Neha,Raval,kalasaanvi@example.net,2302418451,7369492516,1993-05-20,1,"20/230, Yogi Circle",Bhubaneswar,Odisha,India,388210,1
386613457941,1,Frado,Anika,Nadkarni,ridhi66@example.com,4963120604,0109602920,1983-08-21,1,"97
Raman",Singrauli,Rajasthan,India,145424,1
657065872855,0,Yachana,Jeremiah,Sharaf,mchaudhry@example.org,8679062133,8403485703,1971-01-03,2,"69/476
Sankaran Street",Bareilly,Madhya Pradesh,India,570440,1
332280837605,0,Warda,Raagini,Krish,madhavitak@example.com,9433819361,7292651038,2001-08-16,2,"H.No. 668
Tank",Rajahmundry,Sikkim,India,499660,1
518556839440,1,Vasana,Sneha,Wali,ibakshi@example.net,6630180382,3240461296,1995-09-04,2,"220
Narayan Zila",Dharmavaram,Tamil Nadu,India,017485,1
450109745088,0,Janani,Anya,Kannan,ihora@example.com,0143440060,6399720711,1964-03-24,2,"H.No. 965, Patil",Guntakal,Himachal Pradesh,India,478241,1
610993488686,0,Udarsh,Krish,Madan,vbhatti@example.com,1816528731,9812456186,1995-07-21,1,"34
Keer Nagar",Jhansi,Madhya Pradesh,India,258634,1
300677534114,1,Tanay,Inaya,Hayer,ranganathansara@example.com,7232715846,6157417785,1972-09-19,1,"386, Sarna Path",Meerut,Meghalaya,India,333598,1
571102538257,1,Vyanjana,Frederick,Barad,ndass@example.com,4905632801,9280743235,1969-04-13,2,"518
Narasimhan Nagar",Miryalaguda,Meghalaya,India,352749,1
237675415948,1,Chakradev,Joshua,Goda,edasgupta@example.net,9426376637,3242712202,1999-03-28,1,"H.No. 373
Bose Nagar",Motihari,Odisha,India,765541,1
270621683872,0,Baljiwan,Libni,Choudhury,balasubramanianjacob@example.com,7942147133,2521380779,1968-03-30,1,"086
Rai Nagar",Thoothukudi,Rajasthan,India,314796,1
391741883869,1,Noah,Atharv,Bassi,nguha@example.com,0352598407,1694437581,2001-02-14,1,"H.No. 43
Gara Road",Firozabad,Nagaland,India,482759,1
212785615332,1,Geetika,Leena,Gulati,turvi08@example.net,8937275694,7770143614,1995-02-10,2,"H.No. 91, Dube Ganj",Karimnagar,Sikkim,India,903525,1
225676191305,1,Bahadurjit,Radhika,Pai,wableaashi@example.com,7484300462,3344857423,1966-01-22,1,"603, Mital Street",Anand,Arunachal Pradesh,India,598217,1
983350309421,1,Hemal,Advay,Sant,kritikasridhar@example.org,1173195800,3258366150,1987-08-22,2,"63/004
Shetty Chowk",Jalandhar,Uttar Pradesh,India,432702,1
610799207483,0,Vrishti,Peter,Nayak,hardik77@example.org,1036309579,0003837772,1971-09-20,2,"313
Bail Street",Akola,Uttar Pradesh,India,638053,1
210999165717,0,Libni,Osha,Warrior,vasatika99@example.com,4379803729,5328013851,1982-02-21,2,"56/728
Bhardwaj Street",Amroha,Mizoram,India,747541,1
577761094622,0,Hritik,Gauri,Raval,aryanthaker@example.org,7132563486,5662855915,1999-04-13,1,"75/035
Loyal Path",Tinsukia,Sikkim,India,996886,1
856965119530,0,Isaac,Mitali,Mahajan,falgunibuch@example.com,7955673371,6851353089,1991-12-21,1,"97/20
Sandal Chowk",Dehradun,Manipur,India,192029,1
233831292790,0,Aadhya,Turvi,Magar,lsachdeva@example.org,7938927575,1181944686,2008-04-16,2,"645, Zachariah Marg",Bettiah,Assam,India,619917,1
959086965959,0,Jason,Janani,Sarkar,tandonamaira@example.com,1232741360,6537333817,1971-12-08,1,"38/01
Wagle Road",Dehri,Uttar Pradesh,India,190748,1
318231313616,1,Gauri,Ridhi,Dave,vamakshi26@example.org,7500401956,3286523187,2004-01-22,2,"H.No. 574
Lanka Nagar",Avadi,Karnataka,India,134551,1
133520318101,1,Gopal,Liam,Mall,tlal@example.com,5362819370,0147027370,1967-08-24,1,"H.No. 913
Prasad Ganj",Phagwara,West Bengal,India,087765,1
457651476603,0,Aishani,Suhani,Gara,jyoti01@example.com,8588434253,2006716462,1992-09-06,2,"H.No. 458, Bhalla Marg",Giridih,Manipur,India,337316,1
496476100343,0,Yagnesh,Wishi,Kurian,ojasbose@example.org,9676390513,3311541678,1997-11-02,1,"619, Sami Zila",Allahabad,Tamil Nadu,India,749037,1
366986623016,0,Abhimanyu,Ishanvi,Rout,xagarwal@example.net,3108381028,7762801200,1998-05-29,1,"16/699, Gulati Zila",Ramgarh,Telangana,India,367468,1
297448993911,1,Sathvik,Kamala,Thaker,dadahemang@example.org,3918828151,2790742147,1991-03-07,1,"H.No. 319
Iyengar Chowk",Mango,Bihar,India,070040,1
202445683951,1,Lohit,Nirja,Shankar,teerth48@example.org,1323526703,9381938886,1961-11-05,1,"251
Hora Chowk",Yamunanagar,Haryana,India,463971,1
395213064450,0,Matthew,Indrajit,Swamy,solankigirindra@example.com,2612821128,2986578746,1991-03-08,1,"99/586, Thaman Path",Morena,Kerala,India,144091,1
513541786505,0,Advaith,Devika,Swamy,teerth89@example.org,4312100017,6707693080,1980-08-03,1,"H.No. 958, Atwal Nagar",Bareilly,Goa,India,321816,1
521890703342,0,Gaurang,Warinder,Sani,tchahal@example.org,0007585867,4210156195,1976-12-08,1,"H.No. 42
Sachdev",Chandrapur,Bihar,India,567057,1
899432451076,1,Eesha,Anjali,Jhaveri,agateyashawini@example.net,5569906237,1118691824,1971-01-27,2,"682
Wagle Street",Gaya,Rajasthan,India,374644,1
741038485359,0,Upma,Samaksh,Merchant,bnagarajan@example.com,3356290506,4118036680,2005-04-30,2,"81/369
Choudhary Marg",Mumbai,Andhra Pradesh,India,425581,1
631660617715,1,Ryan,Rayaan,Sanghvi,amrita50@example.net,1606165703,2833795148,2006-12-25,1,"H.No. 10, Saxena Street",Bilaspur,Telangana,India,965922,1
151178624638,0,Pranit,Amaira,Pillai,aditya36@example.org,7953833895,4561671842,1964-05-08,1,"81/91
Goda",Shahjahanpur,Himachal Pradesh,India,271948,1
672742798340,1,Anirudh,Abha,Chaudhari,perishaurya@example.net,1439234621,2825816199,2006-04-09,1,"82/539
Parsa Circle",Gandhinagar,Haryana,India,372437,1
739792677305,1,Zayan,Joshua,Lad,jaichoudhary@example.com,0200024718,9522524582,1969-11-23,1,"305
Chaudry Circle",Cuttack,Odisha,India,662097,1
569189682576,1,Gagan,Kalpit,Bhakta,advik02@example.com,7026899593,0890263694,1976-10-14,1,"H.No. 53, Atwal Road",Khammam,Odisha,India,996558,1
745222006972,1,Anmol,Om,Choudhry,rattijagdish@example.org,4188977597,0506205567,1982-10-30,1,"H.No. 56, Manne",Bhubaneswar,Goa,India,217142,1
604336779589,1,Aadhya,Aarush,Bhardwaj,orinderkaul@example.com,0579205375,1142660984,1984-02-11,2,"H.No. 611, Balay Path",Latur,Kerala,India,644024,1
163846649909,0,Lajita,Rushil,Goel,advika81@example.net,8656217497,4351972502,1963-11-07,2,"H.No. 564, Krish Path",Giridih,Haryana,India,039441,1
436077214985,0,Nidhi,Bhavya,Pal,imadan@example.net,1275849919,3686865626,1993-06-24,2,"H.No. 56
Sahota Zila",Ludhiana,Odisha,India,884336,1
236218162447,0,Lajita,Unni,Thakur,ranaira@example.com,4460686332,0695439290,1961-11-23,2,"89/437, Wagle Road",Kolkata,Telangana,India,718100,1
952700583674,1,Anamika,Patrick,Agarwal,tbail@example.net,2172682396,9563577310,1983-04-05,2,"813
Ganesh Ganj",Aurangabad,Madhya Pradesh,India,087672,1
546335097602,0,Harshil,Bhavini,Minhas,morarwriddhish@example.net,5801181374,3684687103,2004-01-09,1,"76/527, Shukla Nagar",Bhilwara,Uttarakhand,India,739516,1
631511074504,0,Kritika,Jagat,Dixit,jmitter@example.net,5138834273,6724335676,1977-09-18,2,"57
Purohit Path",Rajahmundry,Himachal Pradesh,India,530825,1
421508892645,0,Ayaan,Nicholas,Handa,iyermadhavi@example.com,6711762606,2136105903,2005-07-30,1,"15/67
Patla Path",Durgapur,Rajasthan,India,761701,1
118892921592,0,Abhiram,Yasti,Nagar,deykamala@example.org,0534771180,0736069321,1992-02-04,1,"H.No. 197
Saraf Chowk",Bettiah,Gujarat,India,824629,1
429969059779,0,Vedhika,Fitan,Sheth,adua@example.net,1985779622,0679486075,1982-06-22,2,"H.No. 018, Sood Path",Karnal,Jharkhand,India,937926,1
339896710173,1,Samarth,Qadim,Raju,oliver90@example.org,2053690869,8476217185,1975-01-23,1,"H.No. 72
Chowdhury Marg",Panihati,Haryana,India,857198,1
329689587404,1,Barkha,Neel,Lala,ckothari@example.org,4219875847,9184138357,1966-07-04,2,"17
Sidhu Street",Serampore,Assam,India,607525,1
768367808293,1,Jhalak,Luke,Hayre,surabaghyawati@example.com,5853151701,8961583674,1988-07-13,2,"H.No. 027
Narang",Bhiwandi,Meghalaya,India,716520,1
685509756972,1,Elijah,Sai,Boase,kmane@example.org,0668491073,9308220605,1978-07-11,1,"11/587, Rama",Ichalkaranji,Manipur,India,951433,1
431715204961,1,Wriddhish,Isaiah,Kari,tristan99@example.net,4287643695,4358258075,1967-12-09,1,"84/798, Tandon Circle",Ujjain,Punjab,India,622851,1
283236857666,0,Lopa,Ijaya,Tara,soodzinal@example.org,0298324910,4771155713,1972-03-28,2,"H.No. 281
Gole Zila",Meerut,Assam,India,852094,1
290973064888,0,Devika,Avni,Boase,woak@example.org,9747278786,4951039660,1989-09-17,2,"68/069, Ganguly Marg",Serampore,Manipur,India,740077,1
300841762645,0,Mitali,Siddharth,Bhatnagar,wde@example.org,5433017388,5009643139,1987-09-09,2,"H.No. 57
Dutta Path",Gurgaon,Jharkhand,India,202659,1
961206365346,1,Hema,Brinda,Mittal,joshuaraval@example.com,8346724014,5352415882,1985-09-16,2,"40, Muni Marg",Nashik,Punjab,India,908810,1
861361470395,0,Neelima,Chavvi,Kapur,kothariom@example.net,3564311708,3455436751,2001-10-09,2,"H.No. 79
Uppal Road",Belgaum,Jharkhand,India,136605,1
653625972638,0,Mohammed,Nilima,Sharaf,hemani30@example.com,1762067104,8848944355,1997-08-14,1,"H.No. 44
Vaidya",Panvel,Maharashtra,India,528947,1
483494287201,0,Pooja,Yutika,Bajwa,wbajwa@example.net,9774287415,7997153078,1992-06-07,2,"29/72
Jaggi Road",Gudivada,Andhra Pradesh,India,377549,1
547810811795,0,Oviya,Vedhika,Shah,datecharan@example.net,9352231111,9249577087,2005-04-30,2,"50/81, Sani Nagar",Thoothukudi,Jharkhand,India,285744,1
831819078476,0,Ira,Upkaar,Tata,hritik06@example.net,3285141560,9775562834,1988-10-09,2,"09
Sankar Nagar",Hapur,Sikkim,India,810314,1
195653445218,0,Lavanya,Chakrika,Mistry,qsaxena@example.org,5924715655,4124003356,2004-02-08,2,"H.No. 51
Gaba Nagar",Khora ,Haryana,India,543887,1
550744307535,1,Yamini,Yashoda,Parmer,haritabora@example.org,2285574410,3845066002,1993-04-25,2,"07/39
Dasgupta Circle",Amaravati,Manipur,India,232303,1
123685252367,1,Kai,Wishi,Patla,madanoliver@example.com,4159200252,9184394649,1975-06-03,1,"71/801, Dara Chowk",Baranagar,West Bengal,India,660165,1
344674908346,1,Suhani,Robert,Dar,naveendin@example.net,1591866335,7831170299,1966-02-22,2,"124
Kant Street",Khandwa,Maharashtra,India,789741,1
721458538919,0,Azaan,Om,Sant,yashasvibhasin@example.net,5302475635,4415706881,1993-08-19,1,"66/17
Kohli Street",Machilipatnam,Jharkhand,India,011845,1
576112068692,0,Isaiah,Yashodhara,Tailor,ekajaghose@example.net,7057368388,7012515782,1968-06-22,1,"38/648
Koshy Path",Munger,Karnataka,India,203892,1
272952808509,0,Arjun,Arjun,De,wagleansh@example.org,0295321060,6452755055,1976-10-06,1,"004, Om Zila",Amravati,Punjab,India,760140,1
790883101592,1,Dhriti,Unnati,Chokshi,boraimaran@example.net,1249942874,6467464114,1996-09-20,2,"93, Dara Road",Pondicherry,Maharashtra,India,792343,1
790466294456,1,Timothy,Zashil,Biswas,krishnanmeghana@example.com,1227231628,8143137447,1971-05-20,1,"H.No. 89, Pai Circle",Mumbai,Odisha,India,572794,1
121518866627,0,Om,Aditya,Radhakrishnan,manneansh@example.org,9182612803,3779050821,1983-02-12,1,"H.No. 14, Panchal Zila",Proddatur,Uttarakhand,India,164178,1
642216023326,1,Xiti,Nimrat,Narasimhan,ekanshjain@example.net,5796679207,9200174365,1983-07-12,2,"54/31
Yadav Marg",Vijayawada,Tripura,India,470312,1
342930747740,1,Chakrika,Prisha,Setty,pratyushbains@example.net,4688692680,9161257351,2001-04-07,2,"H.No. 736
Handa Chowk",Loni,Haryana,India,587024,1
773058836642,1,Janani,Kashvi,Ben,harishbarad@example.net,5967269157,2842450372,1972-10-11,2,"33/28
Pandit Street",Miryalaguda,Assam,India,827257,1
974003058106,1,Chanakya,Vasatika,Jaggi,qjoshi@example.net,6166875213,6964451585,1993-04-04,1,"260, Shukla Chowk",Eluru,Uttarakhand,India,976692,1
710930766048,0,Chandani,Lakshmi,Randhawa,pantwatika@example.net,2717824420,2710650830,2003-03-25,2,"33/379
Swaminathan Ganj",Jamshedpur,Arunachal Pradesh,India,521690,1
103955301104,1,Omya,Gopal,Garg,jagvisankaran@example.com,5900506955,0118417137,2007-05-23,2,"97/436
Halder Path",Moradabad,Telangana,India,471281,1
819261120069,1,Falguni,Kamya,Bawa,ansh34@example.com,0696497777,6703315134,1980-06-16,2,"H.No. 262
Ganesan Ganj",Kulti,Manipur,India,073454,1
137927759306,0,Sara,Chaman,Varma,poojakara@example.net,8675641290,1922143383,1997-10-22,2,"135
Kannan Path",Munger,West Bengal,India,552412,1
643014320891,1,Jasmit,Yahvi,Gara,yatin25@example.com,7901935417,0430806734,1965-04-16,2,"H.No. 285
Suresh Nagar",Kulti,Nagaland,India,045272,1
646331640604,0,Saumya,Bhavani,Kar,vedhikarandhawa@example.com,0441108798,0553740582,2004-10-10,2,"H.No. 60
Bora Marg",Ramagundam,Gujarat,India,426775,1
605075693812,1,Urishilla,Max,Bala,turvinadig@example.com,4721777091,6889974752,1980-09-05,2,"34/844, Brar Marg",Rewa,Andhra Pradesh,India,149881,1
253433081304,1,Dayita,Warinder,Swamy,dalbir59@example.org,1855651286,1317638478,1976-11-15,2,"H.No. 015, Dubey Nagar",Begusarai,Madhya Pradesh,India,756122,1
754246234438,0,Lavanya,Finn,Sekhon,pwali@example.org,9859740038,6255677873,1969-12-08,2,"47/706
Bali Nagar",Hospet,Mizoram,India,161086,1
898673523909,0,Radha,Jack,Sachdev,maxsoni@example.com,6527103041,7861981142,1989-09-09,2,"H.No. 244, Koshy Chowk",Unnao,Uttarakhand,India,122483,1
440015838983,0,Ayush,Gayathri,Bahri,upkaarkrishnamurthy@example.com,9875218381,2805394010,1987-11-15,1,"H.No. 700
Mitter Nagar",Ichalkaranji,Arunachal Pradesh,India,780879,1
866621114026,1,Yashoda,Balendra,Yohannan,manikabir@example.net,3209611290,2406279336,2006-12-05,2,"H.No. 015
Apte Circle",Tadepalligudem,Jharkhand,India,732321,1
247217923348,1,Amara,Dhriti,Jha,sankaranvinaya@example.net,9810486658,9833044347,1993-06-20,2,"H.No. 956, Mann",Dhule,Bihar,India,433920,1
118429782131,0,Laksh,Rajeshri,Kapadia,riasheth@example.com,6578991318,9788190725,2008-07-13,1,"59/772, Dada Street",Karaikudi,Jharkhand,India,592550,1
473568496520,1,Aayush,Manbir,Rao,xiyer@example.net,2700598649,6488254777,2008-02-28,1,"037, Raghavan Zila",Ahmednagar,Sikkim,India,596896,1
755850782071,0,Atharv,Faraj,Upadhyay,lavanyarout@example.net,4490764415,2646933499,1992-06-25,1,"H.No. 59
Boase Circle",Kadapa,Himachal Pradesh,India,745757,1
192811426703,0,Ekani,Pushti,Iyer,mandareyansh@example.com,0682078031,2188447331,1978-09-02,2,"H.No. 682
Puri Chowk",Asansol,Arunachal Pradesh,India,705559,1
561586304570,0,Hemang,Orinder,Choudhry,nitesh56@example.com,6114342838,1368022596,2005-06-25,1,"52, Kamdar Nagar",Rajahmundry,Kerala,India,299131,1
686560228182,0,Pallavi,Maanav,Sathe,harrison55@example.org,6770723309,2856721740,1987-10-06,2,"43/988
Grover Path",Jaipur,Telangana,India,627905,1
519161730103,0,Simon,Chaman,Lalla,forum29@example.com,6068616054,4719070818,1982-12-14,1,"18/114
Purohit",Guwahati,Uttarakhand,India,233341,1
210237814341,0,Zilmil,Kiaan,Bhasin,swamyjhalak@example.net,1575030243,8145895753,2005-12-13,2,"85/23
Bhatti Circle",Bhatpara,Kerala,India,660956,1
455354072120,1,Gaurika,Maanav,Rajagopal,robertnadig@example.net,6782967021,6984394914,2001-07-23,2,"H.No. 06
Mannan Marg",Kharagpur,Chhattisgarh,India,244512,1
594655385165,0,Nachiket,Kalpit,Lala,abora@example.org,3810116197,4887249142,1987-04-06,1,"029
Gaba Chowk",Jalandhar,Himachal Pradesh,India,689125,1
512804381441,0,Vaishnavi,William,Anand,jasmit97@example.net,6039269783,5636038922,1983-02-23,2,"800
Rastogi",Jalna,Rajasthan,India,391823,1
380705266723,1,Mitesh,Dipta,Koshy,prabhakarzashil@example.com,7376218299,6078473858,2003-06-14,1,"H.No. 70, Amble Ganj",Rajpur Sonarpur,Uttar Pradesh,India,092320,1
348097589918,0,Anjali,Gauri,Jhaveri,raisathvik@example.net,8272480894,6179538474,1971-08-08,2,"H.No. 74, Kothari Circle",Durgapur,Uttarakhand,India,775992,1
763794681461,1,Vincent,Sai,Arya,harshil29@example.org,2747130777,8884261410,1965-02-12,1,"92/348, Tank Road",Yamunanagar,Telangana,India,796048,1
958185905379,1,Samuel,Damini,Varghese,yashicachoudhury@example.net,4746046349,9716350537,1989-03-18,1,"95/70, Bahl",Visakhapatnam,Haryana,India,487156,1
778956094793,0,Kiaan,Kashish,Subramaniam,naikqushi@example.com,7307131894,5186094738,1990-03-14,1,"05/133
Bhakta Path",Berhampur,Uttarakhand,India,940708,1
232931990843,0,Lajita,Rachita,Sem,arjun34@example.net,5345128896,4576961191,1988-08-12,2,"58/143
Naik Chowk",Muzaffarnagar,Sikkim,India,544847,1
167016557178,1,Ethan,Girik,Sandal,bathzarna@example.org,7391451227,5116762100,1985-03-05,1,"50, Lata Chowk",Bijapur,Tripura,India,114252,1
485472738291,0,Barkha,Zayan,Bala,harshilmane@example.com,6487611827,9909708986,1962-04-26,2,"H.No. 701
Tata Nagar",Guwahati,Uttar Pradesh,India,097523,1
207774565774,1,Harita,Arunima,Bajaj,nissac@example.org,0643540238,0981237136,1987-10-10,2,"62, Batta Street",Salem,Gujarat,India,398787,1
442740747710,1,Bina,Chanchal,Sagar,shahhemani@example.org,5271270332,3999759357,1995-11-16,2,"H.No. 03
Bahl Ganj",Mira-Bhayandar,Himachal Pradesh,India,997937,1
471561297386,1,Ekalinga,Jalsa,Ratta,gopalanya@example.net,6349951808,4622185151,1974-08-09,1,"H.No. 80, Rao",Tirunelveli,Tamil Nadu,India,010244,1
761483320841,1,Girik,Nirja,Bhakta,madhavimaster@example.net,9954336378,7789182957,2004-05-04,1,"H.No. 820, Krishnamurthy Zila",Bhubaneswar,Rajasthan,India,126378,1
405599551787,0,Riya,Bishakha,Naik,vasanidhi@example.org,7889931478,5191424849,1976-06-01,2,"H.No. 00, Subramaniam Ganj",Tezpur,Assam,India,707178,1
654251674985,1,Oeshi,Jeremiah,Mammen,alexander47@example.net,3054364198,5678030145,1979-05-08,2,"57
Boase Marg",Ramgarh,Himachal Pradesh,India,319905,1
439532899734,0,Janya,Falak,Goswami,oakaahana@example.net,4344377847,9575545150,2001-07-05,2,"45
Kashyap Nagar",Sirsa,West Bengal,India,149432,1
105249506777,1,Qushi,Nathan,Vyas,siyanagi@example.org,2346878387,0464469051,1980-08-09,2,"H.No. 045, Naik Circle",Pimpri-Chinchwad,Nagaland,India,017321,1
602527492659,1,Bhavini,Guneet,Raman,waliaupkaar@example.com,7846395707,4324508723,1962-11-02,2,"72/02
Nadkarni Chowk",Karnal,Maharashtra,India,427728,1
830540559101,0,Ekansh,Jhalak,Rama,suhanikhosla@example.com,6881213907,6459701394,1987-05-01,1,"98, Goel",Tadepalligudem,Bihar,India,772348,1
490516354915,1,Kala,Vasudha,Sankar,neha88@example.com,8036215946,2851506866,1982-05-01,2,"H.No. 771, Chaudry Path",Ratlam,Goa,India,764478,1
914384108398,0,Max,Zaid,Sachar,palandrew@example.org,3253319747,3728081288,1974-08-30,1,"730
Gole",Thoothukudi,Uttar Pradesh,India,907212,1
937558867837,1,Oliver,Yash,Solanki,theodorevenkataraman@example.net,2219250763,3003825887,1974-05-12,1,"21/153, De Ganj",Ramagundam,Madhya Pradesh,India,045402,1
917724295372,0,Ekiya,Barkha,Mody,waida38@example.org,6468853026,6758390240,1971-07-08,2,"H.No. 461
Nath Nagar",Dharmavaram,Tripura,India,382553,1
702743893054,1,Joshua,Jagrati,Krish,daniel75@example.com,5629267227,6141569060,1982-08-05,1,"27/118, Chacko Road",Gulbarga,Odisha,India,817297,1
179286270836,1,Bhavini,Maanav,Mahajan,zsodhi@example.net,3558353602,7738213262,1971-07-02,2,"H.No. 214, Pandya Marg",Raipur,Andhra Pradesh,India,199701,1
807383337231,1,Vidhi,Pranav,Puri,rajagopalangarima@example.org,5543233010,0687412233,1995-09-04,2,"78/137, Patla Street",Gandhinagar,West Bengal,India,160032,1
353382595381,0,Kritika,Eshana,Rai,yatanmand@example.com,5016853256,4999202521,1989-06-14,2,"H.No. 142
Chada Circle",Unnao,Punjab,India,685623,1
840892045673,1,Ekani,Samesh,Rajan,aryangoswami@example.com,5271836831,8840888260,1973-08-29,2,"H.No. 778
Vora Street",Baranagar,Manipur,India,640444,1
723777413167,1,Idika,Shivansh,Panchal,mayadeshmukh@example.net,3139138817,7029994355,1970-03-07,2,"H.No. 41, Mane Chowk",Gwalior,Manipur,India,235985,1
176167523975,1,Ekalinga,Krish,Venkataraman,eiravati39@example.org,4978827243,9499920065,1983-02-18,1,"751
Kar Path",Aurangabad,Rajasthan,India,198443,1
860015130897,1,Ronith,Hema,Acharya,wazirchander@example.com,9008637000,0461462075,1979-07-16,1,"91/53
Thakkar Circle",Ludhiana,Meghalaya,India,859430,1
332189341587,0,Dakshesh,Devansh,Bakshi,sarnajhalak@example.net,5974002470,7320902256,2005-02-18,1,"05/241, Kalita Street",Rajpur Sonarpur,Goa,India,936783,1
739623438396,0,Ria,Hamsini,Patla,mallickekta@example.org,2361631603,3899611981,1987-12-26,2,"75/06, Rao Circle",Anand,Nagaland,India,506339,1
551781833507,1,Anvi,Dakshesh,Patel,harinakshisangha@example.com,1051315310,2551577242,1967-02-10,2,"30
Banerjee Chowk",Karawal Nagar,Punjab,India,577850,1
752486304798,1,Lakshit,Jasmit,Sahota,edayal@example.org,8820056753,9232786656,1980-01-22,1,"H.No. 015
Chaudhari",Rewa,Nagaland,India,705372,1
631625550946,1,Abhiram,Tanvi,Choudhury,tara72@example.com,7414538388,2150832411,1996-02-09,1,"89/389
Sekhon Road",Raurkela Industrial Township,Haryana,India,669534,1
381206577071,0,Alka,Jhalak,Kapadia,csahni@example.net,2829218680,4811106667,1999-11-13,2,"H.No. 49, Goswami Ganj",Chinsurah,Haryana,India,707146,1
799962078194,0,Falan,Dominic,Sampath,rchaudhari@example.net,4369224021,7480516437,1986-10-10,1,"H.No. 01, Narayanan Nagar",Bulandshahr,Manipur,India,548944,1
226270214732,0,Janaki,Baghyawati,Pau,achander@example.org,2486221804,8176924388,2006-05-03,2,"224
Maharaj Marg",Aizawl,Kerala,India,657612,1
951667785904,1,Champak,George,Memon,omisha79@example.org,1580258330,4929133897,1998-08-17,1,"H.No. 95
Bhagat Street",Hajipur,Maharashtra,India,498338,1
304359330833,1,Ranveer,Hamsini,Soni,noah19@example.net,0032048977,0171093823,1984-01-05,1,"09/461
Goyal Marg",Varanasi,Punjab,India,598084,1
788384825740,1,Ekani,Nicholas,Khanna,krishna65@example.org,1317387610,2975400933,1979-07-17,2,"78, Bhargava Nagar",Ambarnath,Madhya Pradesh,India,686104,1
389513340246,1,Chanchal,Girindra,Srinivasan,bhavsarnicholas@example.net,4253232632,5301109342,1985-06-25,2,"H.No. 23
Babu Chowk",Dhule,Himachal Pradesh,India,719290,1
130639835217,1,Raksha,Kala,Narang,kadakianihal@example.org,5045776992,5796747156,1996-02-13,2,"H.No. 44
Divan Street",Solapur,Gujarat,India,307374,1
217891848498,1,Zaid,Arin,Sibal,kondabhavna@example.com,1655071622,8377792647,1982-05-10,1,"H.No. 874
Bakshi Zila",Noida,Arunachal Pradesh,India,778911,1
115502887199,0,Chatura,Ridhi,Bhasin,bina26@example.com,8714805960,4598936938,1967-04-22,1,"H.No. 317
Loke Nagar",Jaipur,Nagaland,India,476853,1
827946655151,0,Tanay,Wriddhish,Roy,ybajaj@example.net,9668040647,7711105882,2006-09-16,1,"80/21
Badal Road",Bally,Rajasthan,India,888464,1
766699453236,1,Isaiah,Netra,Sura,isaacbehl@example.com,9138786421,9023704649,1986-10-27,1,"H.No. 384, Banerjee Road",Sangli-Miraj & Kupwad,Haryana,India,676013,1
318762162635,0,Robert,Yashodhara,Rastogi,borajanya@example.com,3457947674,7978966524,1994-02-14,1,"H.No. 34
Rau Ganj",Srikakulam,Himachal Pradesh,India,560808,1
602629908878,0,Manbir,Chakrika,Dutta,msarkar@example.net,1718139254,3804279967,2003-03-15,1,"91/06, Menon Zila",Jabalpur,Maharashtra,India,471051,1
290458732373,1,Gaurav,Fitan,Barad,manyachowdhury@example.net,0326670306,2250112796,1962-03-27,1,"849
Subramanian Road",Bongaigaon,Assam,India,426487,1
113045735847,1,Patrick,Unni,Ahuja,manifrado@example.com,6705716392,0735243431,2004-11-06,1,"H.No. 57, Sodhi Ganj",Mirzapur,Kerala,India,645592,1
698855757946,0,Mohammed,Champak,Prabhakar,lohitdugar@example.net,4710459753,4766555262,1987-01-14,1,"31
Sabharwal Zila",Panvel,Uttar Pradesh,India,579071,1
668017433405,0,Chavvi,Yutika,Sankar,luckymand@example.net,2323321373,7039802873,1989-06-22,2,"852
Ramakrishnan Path",Agartala,Odisha,India,520033,1
837856832547,1,Urishilla,Niharika,Khare,onkar57@example.net,5982012866,9378914860,1971-12-27,2,"H.No. 403, Nagarajan Road",New Delhi,Jharkhand,India,538500,1
636378371819,1,Imaran,Naveen,Chaudhry,anyapai@example.com,5365984528,8003148256,2003-12-21,1,"H.No. 638
Mitra Street",Bijapur,Punjab,India,089255,1
